Timestamp,Age,Gender,Country,state,self_employed,family_history,treatment,work_interfere,no_employees,remote_work,tech_company,benefits,care_options,wellness_program,seek_help,anonymity,leave,mental_health_consequence,phys_health_consequence,coworkers,supervisor,mental_health_interview,phys_health_interview,mental_vs_physical,obs_consequence,comments
2014-08-27 11:51:34,23,Female,Australia,NA,No,Yes,Yes,Often,1-5,Yes,Yes,No,Not sure,No,No,Don't know,Very easy,No,No,Some of them,Yes,No,Maybe,Yes,No,Thanks for doing this research.
2014-08-27 13:19:40,34,Male,Australia,NA,Yes,No,No,Sometimes,1-5,Yes,Yes,Don't know,Not sure,Yes,Yes,Don't know,Somewhat difficult,Yes,Yes,No,No,No,Maybe,Yes,No,NA
2014-08-27 13:49:15,25,Male,Australia,NA,No,Yes,Yes,Often,6-25,No,Yes,No,Yes,No,No,No,Very difficult,Yes,Maybe,No,No,No,Yes,No,Yes,NA
2014-08-27 14:03:59,22,Male,Australia,NA,Yes,Yes,Yes,Sometimes,6-25,Yes,Yes,Don't know,Not sure,Yes,Yes,Don't know,Somewhat easy,Maybe,No,Some of them,Yes,No,Yes,No,Yes,NA
2014-08-27 15:40:03,20,Male,Australia,NA,No,No,No,NA,100-500,Yes,Yes,Don't know,Not sure,Don't know,Don't know,Yes,Very easy,No,No,Some of them,Yes,No,No,Don't know,No,NA
2014-08-27 17:41:44,31,Male,Australia,NA,No,No,Yes,Rarely,100-500,No,Yes,Yes,Yes,Yes,Yes,Don't know,Somewhat easy,No,No,Yes,Yes,Yes,Yes,No,No,NA
2014-08-27 17:48:54,27,Female,Australia,NA,No,Yes,Yes,Sometimes,6-25,No,Yes,No,Yes,No,No,No,Somewhat difficult,Yes,No,Some of them,Some of them,No,No,No,No,NA
2014-08-27 19:08:31,34,M,Australia,NA,No,No,No,Sometimes,More than 1000,No,Yes,Yes,Yes,Yes,Yes,Yes,Very easy,No,No,Some of them,Yes,No,Maybe,Yes,No,NA
2014-08-27 19:27:25,33,Male,Australia,NA,No,No,No,Never,More than 1000,No,Yes,Don't know,Not sure,Don't know,Don't know,Yes,Very easy,No,No,Some of them,Yes,Maybe,Yes,Yes,No,NA
2014-08-27 21:54:32,27,Male,Australia,NA,No,No,Yes,Often,100-500,Yes,Yes,No,No,No,No,Don't know,Don't know,Maybe,No,Some of them,No,No,Maybe,No,Yes,NA
2014-08-27 23:30:52,27,Male,Australia,NA,No,No,No,Never,1-5,Yes,Yes,No,No,No,No,Don't know,Don't know,Yes,No,No,No,No,Maybe,Don't know,No,NA
2014-08-28 03:29:19,29,Female,Australia,NA,No,Yes,Yes,Sometimes,More than 1000,No,No,Yes,Yes,Yes,Yes,No,Somewhat difficult,Yes,No,Some of them,Some of them,No,No,No,Yes,NA
2014-08-28 03:52:05,30,Male,Australia,NA,No,No,No,Sometimes,26-100,No,Yes,No,No,No,No,Don't know,Very easy,No,No,Some of them,Some of them,No,No,Don't know,No,NA
2014-08-28 04:00:30,26,F,Australia,NA,No,Yes,No,Sometimes,100-500,No,No,No,Yes,Yes,Yes,Don't know,Somewhat easy,No,No,Yes,Yes,No,No,Don't know,No,Majority of qs on survey not relevant if you are self employed
2014-08-28 04:16:30,34,Female,Australia,NA,No,Yes,No,Never,500-1000,No,No,Don't know,No,Yes,Yes,Don't know,Don't know,Yes,Maybe,No,No,No,No,Don't know,Yes,I don't have any mental health issues but for a number of years I had to care for a family member who did and I felt that I was not able to discuss or get support from friends or colleagues in the same way that I might have if they had suffered from a physical condition.
2014-08-28 10:54:31,37,male,Australia,NA,No,Yes,Yes,Sometimes,26-100,No,Yes,No,Yes,No,No,Yes,Very easy,No,No,Some of them,Yes,No,Maybe,Yes,Yes,NA
2014-08-28 18:18:43,48,male,Australia,NA,No,No,Yes,Sometimes,6-25,No,Yes,No,No,No,No,Don't know,Somewhat easy,Yes,No,Some of them,No,No,Maybe,No,Yes,NA
2014-08-29 11:04:19,26,male,Australia,NA,No,Yes,Yes,Sometimes,26-100,Yes,Yes,No,No,No,No,Yes,Don't know,No,No,Yes,Yes,No,Maybe,Yes,No,The questions related to employer-provided health benefits are largely irrelevant to where I live Australia so I'd discount them.
2014-08-30 05:05:44,26,male,Australia,NA,No,Yes,Yes,Rarely,26-100,No,Yes,No,No,Don't know,Don't know,Don't know,Very easy,No,No,Yes,Yes,Maybe,Yes,Yes,No,NA
2015-02-21 04:55:11,28,Male,Australia,NA,No,No,Yes,Often,100-500,Yes,Yes,No,Yes,No,No,Don't know,Don't know,Yes,No,No,No,No,Maybe,No,No,NA
2015-05-06 10:14:50,22,Male,Australia,NA,No,Yes,Yes,Often,100-500,No,No,Yes,Yes,Yes,Yes,Yes,Don't know,Maybe,Maybe,No,Yes,No,Maybe,Don't know,Yes,In australia all organisations of a certain size have to provide free access to a 'employee assistance program' to discuss work and personal issues.EAPs are an external provider totally confidential and anonymous (ring up andsay the name of who you work for - so they know to bill your work)  and they offer phone and face to face consults.
2014-08-27 12:37:50,22,m,Austria,NA,No,No,No,NA,6-25,Yes,Yes,Don't know,No,Don't know,No,Don't know,Somewhat easy,No,No,Some of them,Some of them,No,No,Don't know,No,NA
2014-08-27 13:00:38,34,male,Austria,NA,No,Yes,No,NA,100-500,Yes,Yes,Don't know,No,Don't know,Don't know,Don't know,Very easy,No,No,Yes,Yes,No,No,Yes,No,NA
2014-08-27 17:33:51,24,male,Austria,NA,Yes,No,No,Sometimes,1-5,No,Yes,Yes,Yes,Don't know,Don't know,Yes,Somewhat easy,No,No,Some of them,Some of them,Maybe,Maybe,Yes,No,NA
2014-08-29 09:10:58,8,A little about you,"Bahamas, The",IL,Yes,Yes,Yes,Often,1-5,Yes,Yes,Yes,Yes,Yes,Yes,Yes,Very easy,Yes,Yes,Yes,Yes,Yes,Yes,Yes,Yes,\"\"
2014-08-27 14:49:08,29,Male,Belgium,NA,No,No,No,Often,6-25,No,No,Don't know,No,No,No,Don't know,Don't know,Maybe,No,Yes,Yes,Maybe,Maybe,Don't know,No,In Belgium we have all medical care so perhaps some question are not relevant
2014-08-28 03:42:58,31,female,Belgium,NA,No,Yes,Yes,Rarely,100-500,No,No,Yes,No,No,No,No,Don't know,Maybe,No,Some of them,No,No,No,Don't know,Yes,NA
2014-08-28 10:57:23,32,male,Belgium,NA,No,No,No,NA,6-25,No,Yes,No,Yes,No,No,Don't know,Very difficult,Yes,Maybe,No,No,No,No,No,No,NA
2014-08-29 08:54:23,26,male,Belgium,NA,No,No,No,Never,6-25,No,Yes,Yes,No,No,No,No,Somewhat easy,Maybe,No,No,No,No,No,Don't know,No,NA
2014-09-01 10:06:14,28,male,Belgium,NA,No,No,No,Sometimes,More than 1000,No,No,No,No,No,No,Don't know,Somewhat easy,Yes,Maybe,No,No,No,No,Don't know,Yes,NA
2014-12-01 09:58:28,31,Female,Belgium,NA,No,No,No,NA,26-100,No,Yes,Don't know,Not sure,No,No,Yes,Very easy,Maybe,No,Some of them,Some of them,No,No,Don't know,No,NA
2014-08-27 17:19:05,25,Male,Bosnia and Herzegovina,NA,No,Yes,No,Rarely,26-100,Yes,Yes,Don't know,Not sure,Don't know,Don't know,Don't know,Don't know,Maybe,Yes,No,No,No,No,Don't know,Yes,NA
2014-08-27 12:25:09,28,Male,Brazil,NA,No,Yes,Yes,Rarely,6-25,No,Yes,No,No,No,No,No,Don't know,Maybe,No,Yes,Yes,No,No,Don't know,Yes,NA
2014-08-27 15:28:34,22,Male,Brazil,NA,Yes,No,No,Never,6-25,Yes,Yes,Don't know,No,No,No,Don't know,Somewhat easy,No,No,Yes,Yes,Maybe,No,Don't know,No,NA
2014-08-27 15:56:37,27,Male,Brazil,NA,No,No,No,Rarely,6-25,No,Yes,No,Yes,No,No,Don't know,Somewhat easy,Maybe,No,Some of them,Some of them,No,Maybe,No,No,NA
2014-08-28 13:32:37,28,Male,Brazil,NA,No,No,No,NA,26-100,No,Yes,Don't know,No,No,No,Don't know,Don't know,Maybe,No,Some of them,Yes,Maybe,Yes,No,Yes,NA
2014-08-29 11:25:30,28,Male,Brazil,NA,No,Yes,No,Sometimes,100-500,No,Yes,No,No,No,No,Don't know,Somewhat easy,No,No,Some of them,Some of them,No,No,Don't know,Yes,NA
2015-02-21 05:34:27,31,Male,Brazil,NA,Yes,No,Yes,NA,1-5,No,Yes,No,Yes,No,No,No,Don't know,No,No,Yes,Yes,No,Maybe,Don't know,No,NA
2014-08-27 11:32:49,29,male,Bulgaria,NA,NA,No,No,Never,100-500,Yes,Yes,Don't know,Not sure,No,No,Don't know,Don't know,No,No,Yes,Yes,Yes,Yes,Don't know,No,NA
2014-08-27 13:05:45,26,male,Bulgaria,NA,No,No,No,NA,100-500,No,Yes,No,No,No,No,No,Very easy,Yes,Maybe,No,No,No,Maybe,Don't know,No,NA
2014-08-28 08:43:57,33,male,Bulgaria,NA,No,No,Yes,Rarely,26-100,Yes,Yes,No,No,No,No,Don't know,Somewhat easy,Maybe,No,Some of them,Some of them,No,Maybe,Don't know,Yes,NA
2014-09-26 10:05:55,25,female,Bulgaria,UT,No,No,Yes,Sometimes,26-100,Yes,Yes,No,No,No,No,Don't know,Don't know,Maybe,Maybe,Yes,Some of them,Maybe,No,No,No,NA
2014-08-27 11:29:44,32,Male,Canada,NA,NA,No,No,Rarely,6-25,No,Yes,No,No,No,No,Don't know,Somewhat difficult,No,No,Yes,Yes,Yes,Yes,No,No,NA
2014-08-27 11:32:05,39,M,Canada,NA,NA,No,No,Never,1-5,Yes,Yes,No,Yes,No,No,Yes,Don't know,No,No,No,No,No,No,No,No,NA
2014-08-27 11:32:43,23,Male,Canada,NA,NA,No,No,Never,26-100,No,Yes,Don't know,No,Don't know,Don't know,Don't know,Don't know,No,No,Yes,Yes,Maybe,Maybe,Yes,No,NA
2014-08-27 11:33:57,27,Male,Canada,NA,NA,No,No,Never,6-25,No,Yes,Don't know,Not sure,Don't know,Don't know,Don't know,Somewhat easy,No,No,Some of them,Some of them,Maybe,Yes,Yes,No,NA
2014-08-27 11:41:37,29,Male,Canada,NA,No,No,No,Rarely,1-5,No,Yes,No,No,No,No,Don't know,Very easy,Yes,Maybe,Some of them,No,No,No,Don't know,No,NA
2014-08-27 11:43:07,27,Male,Canada,NA,No,Yes,Yes,Sometimes,1-5,No,Yes,No,Yes,No,No,Yes,Very difficult,Maybe,No,Some of them,No,No,No,Yes,No,NA
2014-08-27 11:43:56,26,m,Canada,NA,Yes,No,No,Sometimes,1-5,No,Yes,No,Yes,Yes,No,Don't know,Don't know,No,No,Yes,Yes,No,No,Yes,No,NA
2014-08-27 11:47:56,33,male,Canada,NA,No,Yes,Yes,Often,6-25,Yes,Yes,Don't know,No,No,No,No,Somewhat difficult,Yes,No,No,No,No,Maybe,Don't know,No,In addition to my own mental health issues I've known several coworkers that may be suffering and I don't know how to tell them I empathize and that I want to help.
2014-08-27 11:50:46,35,male,Canada,NA,No,No,No,Sometimes,6-25,No,Yes,Don't know,No,No,No,Don't know,Somewhat easy,No,No,Some of them,Yes,No,Maybe,Don't know,No,NA
2014-08-27 11:53:25,34,male,Canada,NA,No,No,No,Never,6-25,No,Yes,Don't know,Not sure,Don't know,Don't know,Don't know,Somewhat easy,No,No,Some of them,Yes,No,No,Don't know,No,NA
2014-08-27 12:02:52,30,male,Canada,NA,No,No,No,Never,26-100,No,No,No,No,No,No,Don't know,Don't know,No,No,Some of them,Yes,No,No,No,No,NA
2014-08-27 12:15:19,25,F,Canada,NA,No,No,Yes,Sometimes,26-100,No,Yes,Yes,Yes,No,Don't know,Don't know,Don't know,Maybe,No,Some of them,Yes,No,Maybe,Don't know,No,NA
2014-08-27 12:18:14,26,female,Canada,NA,No,Yes,Yes,Sometimes,26-100,No,No,No,Yes,No,No,No,Very difficult,Yes,No,No,No,No,Maybe,No,Yes,In my previous workplace which had mental health protections policies and access to counsellors my Director went so far as to say to me in somewhat casual conversation A woman was murdered across the street. At best though she was bipolar and at worst - who knowsI have bipolar disorder. I have zero faith that an organization with policies in place could appropriately handle mental health. I have even less faith that a workplace without the policies in place could appropriately handle mental health. I can only imagine it's worse in full tech environments.
2014-08-27 12:31:41,27,Male,Canada,NA,No,No,No,Rarely,6-25,No,No,Yes,Yes,Yes,Yes,Yes,Very easy,Maybe,No,Some of them,Yes,No,No,Don't know,No,NA
2014-08-27 12:33:56,27,Male,Canada,NA,No,No,Yes,Never,100-500,No,No,Yes,Not sure,No,No,Don't know,Very difficult,Maybe,No,Some of them,Yes,No,Maybe,No,Yes,NA
2014-08-27 12:36:53,24,Male,Canada,NA,No,No,Yes,Never,26-100,No,Yes,Don't know,No,No,No,Don't know,Don't know,No,No,Some of them,Yes,Maybe,Yes,Don't know,No,NA
2014-08-27 12:40:36,19,Male,Canada,NA,Yes,Yes,No,NA,1-5,Yes,Yes,Don't know,Not sure,No,Yes,Yes,Somewhat easy,Maybe,No,Some of them,Some of them,Maybe,Maybe,Don't know,No,NA
2014-08-27 12:49:30,34,Female,Canada,NA,No,Yes,Yes,Sometimes,More than 1000,No,No,Yes,Yes,Yes,No,Don't know,Somewhat easy,No,No,Some of them,Yes,No,No,No,No,NA
2014-08-27 13:03:05,21,Male,Canada,NA,No,No,Yes,Sometimes,6-25,Yes,Yes,No,Yes,No,No,Don't know,Somewhat difficult,No,No,Some of them,Some of them,Maybe,Maybe,Yes,No,NA
2014-08-27 13:09:24,31,M,Canada,NA,Yes,No,No,NA,6-25,No,Yes,Yes,Yes,No,Don't know,Yes,Very easy,No,No,Some of them,Some of them,No,No,Yes,No,NA
2014-08-27 13:27:18,37,Male,Canada,NA,No,Yes,Yes,Often,26-100,No,Yes,Yes,Yes,No,Don't know,Don't know,Don't know,Maybe,No,Some of them,Some of them,No,Yes,Don't know,No,NA
2014-08-27 13:31:03,28,Female,Canada,NA,No,Yes,Yes,Sometimes,6-25,No,No,Yes,Yes,Yes,Yes,Yes,Don't know,No,No,Some of them,Yes,No,No,No,Yes,NA
2014-08-27 13:46:03,29,Male,Canada,NA,No,No,No,Often,6-25,No,Yes,No,No,No,No,Don't know,Somewhat difficult,Yes,No,No,No,No,Maybe,Don't know,No,NA
2014-08-27 13:52:05,27,Male,Canada,NA,No,No,No,Sometimes,6-25,Yes,Yes,No,Yes,No,No,No,Very difficult,Yes,Yes,Some of them,Some of them,No,Maybe,No,No,NA
2014-08-27 13:53:44,43,Male,Canada,NA,Yes,No,No,NA,6-25,Yes,Yes,No,Not sure,No,No,Don't know,Somewhat easy,Maybe,No,Yes,Yes,Yes,Yes,Don't know,No,NA
2014-08-27 14:01:25,33,Male,Canada,NA,No,No,No,NA,100-500,No,Yes,Yes,No,Yes,Yes,Yes,Don't know,No,No,Some of them,Yes,No,No,Don't know,No,NA
2014-08-27 14:10:53,25,Male,Canada,NA,No,No,No,NA,100-500,No,No,Don't know,Not sure,No,No,Don't know,Don't know,No,No,Some of them,Some of them,No,Yes,No,No,NA
2014-08-27 14:22:00,26,male,Canada,NA,No,Yes,Yes,Often,6-25,No,Yes,Yes,No,No,Don't know,Don't know,Don't know,Maybe,No,Some of them,Some of them,Maybe,Maybe,Yes,No,NA
2014-08-27 14:23:53,25,Male,Canada,NA,No,No,Yes,Often,6-25,Yes,No,Don't know,No,No,Don't know,Don't know,Somewhat difficult,Yes,Maybe,No,No,No,Maybe,Don't know,No,NA
2014-08-27 14:33:44,25,Male,Canada,NA,No,Yes,Yes,Sometimes,More than 1000,No,Yes,Yes,Yes,No,Don't know,Don't know,Don't know,Yes,Maybe,Some of them,No,No,No,No,No,NA
2014-08-27 15:23:07,41,Male,Canada,NA,No,No,Yes,Never,500-1000,No,Yes,Yes,Not sure,No,Don't know,Don't know,Somewhat easy,No,No,Some of them,Some of them,No,No,Don't know,No,NA
2014-08-27 15:24:55,26,Male,Canada,NA,No,Yes,Yes,Often,26-100,Yes,Yes,Don't know,No,Don't know,Don't know,Don't know,Very easy,No,No,Yes,Yes,No,No,Yes,No,NA
2014-08-27 15:25:47,29,Male,Canada,NA,No,No,Yes,Sometimes,100-500,No,Yes,Don't know,Not sure,Don't know,Don't know,Yes,Somewhat easy,Maybe,No,Some of them,Some of them,No,Maybe,Yes,No,Being in Canada there are several health options that are available to Canadian citizens/perm residents for free so employers may not provide resources because they are available elsewhere. Otherwise good quiz. I hope this benefits everyone who's dealt with mental health issues in the past!
2014-08-27 15:36:41,28,Male,Canada,NA,Yes,No,No,Never,100-500,Yes,Yes,Don't know,No,No,No,Don't know,Somewhat easy,Maybe,No,Some of them,Yes,No,No,Yes,No,NA
2014-08-27 15:46:12,23,M,Canada,NA,No,Yes,Yes,Sometimes,6-25,No,Yes,Yes,Yes,No,No,Yes,Very easy,No,No,Yes,Yes,No,No,Yes,No,NA
2014-08-27 15:51:36,37,Male,Canada,NA,No,Yes,Yes,Rarely,More than 1000,No,No,Yes,Yes,Yes,Yes,Don't know,Don't know,Maybe,Maybe,Some of them,Some of them,No,No,Don't know,No,NA
2014-08-27 17:37:41,31,Female,Canada,NA,Yes,Yes,Yes,Sometimes,100-500,Yes,Yes,Don't know,Not sure,Don't know,Don't know,Don't know,Don't know,Maybe,Maybe,Some of them,Yes,No,No,Yes,No,NA
2014-08-27 17:47:45,21,Male,Canada,NA,No,No,No,Never,26-100,No,Yes,Don't know,Not sure,Don't know,No,Don't know,Don't know,Yes,Maybe,No,No,No,Maybe,Don't know,No,NA
2014-08-27 18:43:06,29,female,Canada,NA,No,No,Yes,Sometimes,1-5,No,Yes,No,No,No,No,Don't know,Don't know,Maybe,No,Some of them,Some of them,No,No,Yes,No,The family history question needs a don't know option.
2014-08-27 19:05:52,32,Female,Canada,NA,No,No,Yes,Often,More than 1000,No,No,Don't know,Not sure,Don't know,Don't know,Don't know,Don't know,Maybe,No,Some of them,Some of them,No,No,Don't know,No,NA
2014-08-27 19:34:26,40,Male,Canada,NA,No,No,No,Never,26-100,No,Yes,No,No,No,No,Don't know,Somewhat difficult,No,No,Some of them,Some of them,No,No,No,No,NA
2014-08-27 21:05:41,29,male,Canada,NA,Yes,No,No,Never,26-100,Yes,Yes,Yes,Yes,No,No,Yes,Very difficult,Yes,No,Some of them,No,No,Yes,No,No,NA
2014-08-27 21:35:24,29,Male,Canada,NA,No,No,Yes,Never,More than 1000,No,No,Yes,Not sure,Yes,Yes,Yes,Somewhat difficult,Maybe,No,Some of them,No,No,Maybe,Don't know,Yes,For clarity I work at a casino.
2014-08-27 22:07:34,19,Male,Canada,NA,No,Yes,Yes,Sometimes,1-5,No,Yes,No,No,No,No,Don't know,Don't know,Maybe,Maybe,Some of them,No,No,Maybe,Don't know,No,NA
2014-08-28 02:15:08,37,Guy (-ish) ^_^,Canada,NA,No,Yes,Yes,Sometimes,100-500,No,No,Yes,Yes,No,No,Don't know,Somewhat difficult,Yes,Maybe,Some of them,Some of them,No,Maybe,No,No,NA
2014-08-28 02:19:29,32,male leaning androgynous,Canada,NA,No,No,No,Sometimes,26-100,Yes,Yes,No,Yes,No,No,Yes,Very difficult,Yes,Maybe,Some of them,No,No,Maybe,No,Yes,NA
2014-08-28 07:12:03,26,Man,Canada,NA,No,No,No,NA,100-500,Yes,Yes,Yes,Not sure,Don't know,Yes,Don't know,Somewhat easy,No,No,Some of them,Some of them,No,No,Yes,No,NA
2014-08-28 08:06:43,35,Male,Canada,NA,No,Yes,No,Sometimes,26-100,No,Yes,Don't know,No,No,No,Don't know,Don't know,Maybe,Maybe,Some of them,Some of them,No,No,No,No,NA
2014-08-28 09:09:30,29,female,Canada,NA,No,No,Yes,Rarely,More than 1000,Yes,No,Yes,Yes,Yes,Don't know,Yes,Somewhat easy,No,No,No,Yes,No,Maybe,Don't know,No,NA
2014-08-28 09:54:38,23,male,Canada,NA,No,No,Yes,Sometimes,6-25,No,Yes,Yes,No,No,No,Don't know,Somewhat easy,Maybe,Maybe,Some of them,Some of them,No,No,Don't know,No,NA
2014-08-28 09:55:14,28,Female,Canada,NA,No,No,No,NA,More than 1000,No,Yes,Yes,Not sure,Don't know,Don't know,Don't know,Somewhat easy,No,No,Some of them,Yes,No,No,Don't know,No,I am a contractor so my lack of knowledge of workplace wellness stems directly from my lack of access to that material since I am not covered by it. I am aware that mental health services are available and am aware of a colleague who has taken a leave of absence to deal with mental health issues but am otherwise uninformed.
2014-08-28 10:15:52,30,male,Canada,NA,No,Yes,Yes,Sometimes,More than 1000,No,No,Don't know,No,No,No,No,Very difficult,Yes,No,Some of them,No,No,Yes,No,Yes,NA
2014-08-28 10:16:55,29,male,Canada,NA,No,No,No,NA,1-5,Yes,Yes,No,Yes,No,No,Don't know,Somewhat difficult,Maybe,Maybe,Yes,Yes,No,Maybe,Don't know,No,NA
2014-08-28 11:09:03,28,male,Canada,NA,No,No,No,NA,6-25,No,Yes,Yes,Not sure,No,Don't know,Yes,Very easy,No,No,Some of them,Yes,Maybe,Maybe,Yes,No,NA
2014-08-28 11:15:42,19,Male,Canada,NA,No,No,Yes,Sometimes,26-100,No,Yes,Don't know,Not sure,No,No,Don't know,Somewhat difficult,No,No,Some of them,Yes,No,Yes,Don't know,No,NA
2014-08-28 11:36:48,31,Male,Canada,NA,Yes,Yes,No,Sometimes,1-5,Yes,Yes,No,Yes,No,No,Yes,Somewhat easy,No,No,No,No,No,No,Yes,No,I feel like most of my answers were useless due to answering that I am self-employed early on. Since my employer is me... my employer does/doesn't offer mental health benefits or would I be comfortable bring it up with 'them' doesn't make sense...
2014-08-28 12:08:30,39,Male,Canada,NA,No,No,Yes,Sometimes,100-500,No,No,Yes,Yes,Yes,Yes,Yes,Very easy,Yes,No,Some of them,Yes,No,Maybe,No,Yes,NA
2014-08-28 16:58:50,26,Male,Canada,NA,No,No,No,Sometimes,6-25,Yes,Yes,No,No,No,No,Don't know,Very difficult,Yes,Maybe,Some of them,Some of them,No,Maybe,Don't know,No,NA
2014-08-28 18:50:47,25,Female,Canada,NA,No,Yes,Yes,Sometimes,6-25,No,Yes,Yes,Yes,No,No,Yes,Somewhat easy,No,No,Some of them,Yes,No,No,Don't know,No,NA
2014-08-29 08:59:08,37,Female,Canada,NA,Yes,Yes,Yes,Rarely,1-5,Yes,Yes,No,Yes,No,No,Yes,Somewhat easy,Yes,Maybe,Some of them,Some of them,Maybe,Maybe,Don't know,Yes,NA
2014-08-29 09:01:45,27,Male,Canada,NA,No,No,No,Never,26-100,No,Yes,Yes,Not sure,Yes,No,Yes,Very easy,No,No,Yes,Yes,Maybe,Maybe,Yes,No,NA
2014-08-29 10:05:57,19,M,Canada,NA,No,No,No,Never,26-100,Yes,Yes,Don't know,No,No,No,Don't know,Somewhat easy,No,No,Some of them,Some of them,No,Maybe,No,No,NA
2014-08-29 11:02:23,35,Male,Canada,NA,No,Yes,No,Sometimes,6-25,Yes,Yes,No,Yes,No,No,Don't know,Don't know,Maybe,No,No,Some of them,No,No,Don't know,No,NA
2014-08-29 11:23:21,26,Female,Canada,NA,No,Yes,Yes,Sometimes,100-500,No,Yes,Yes,Not sure,No,No,Yes,Don't know,Maybe,No,Some of them,No,No,Maybe,Don't know,No,NA
2014-08-29 11:46:27,31,Male,Canada,NA,No,Yes,Yes,Often,More than 1000,No,Yes,Yes,Not sure,Don't know,Don't know,Don't know,Don't know,Maybe,No,Some of them,No,No,Maybe,Don't know,No,NA
2014-08-29 16:21:16,34,female,Canada,NA,No,Yes,Yes,Often,26-100,No,No,Don't know,No,Yes,Don't know,Don't know,Somewhat easy,No,No,Some of them,Some of them,No,No,Yes,No,NA
2014-08-29 21:40:26,33,Female,Canada,NA,Yes,Yes,Yes,Often,1-5,Yes,Yes,No,Yes,No,No,No,Very difficult,Yes,Yes,No,No,No,Maybe,No,Yes,NA
2014-08-30 13:55:45,24,Male,Canada,NA,No,No,No,Sometimes,26-100,No,Yes,Yes,Yes,No,No,Yes,Don't know,Maybe,No,No,No,No,Maybe,Don't know,Yes,NA
2014-09-02 08:00:33,38,Male,Canada,NA,No,Yes,Yes,Rarely,100-500,No,Yes,Don't know,Not sure,No,Don't know,Don't know,Don't know,No,No,Yes,Yes,No,Maybe,No,No,NA
2014-09-02 13:18:35,32,male,Canada,NA,Yes,No,No,Never,6-25,Yes,Yes,Don't know,Not sure,No,No,Don't know,Very easy,No,No,Yes,Yes,Maybe,Maybe,Yes,No,NA
2015-02-21 04:16:05,34,Male,Canada,NA,No,Yes,No,Sometimes,More than 1000,No,Yes,Yes,Not sure,Yes,Yes,Yes,Don't know,Maybe,No,No,No,No,Maybe,Don't know,No,NA
2015-02-24 09:18:25,23,Male,Canada,NA,No,No,Yes,Often,26-100,No,Yes,Yes,Yes,Yes,Don't know,Don't know,Don't know,Maybe,No,Yes,Some of them,No,No,Don't know,No,NA
2014-09-26 08:45:56,40,m,China,NA,Yes,No,No,Sometimes,1-5,Yes,Yes,No,Yes,No,No,Don't know,Somewhat easy,No,No,Some of them,Some of them,Maybe,Maybe,Don't know,No,NA
2014-08-27 14:01:54,28,male,Colombia,NA,No,No,No,Sometimes,6-25,No,Yes,No,Yes,No,No,Don't know,Somewhat easy,Maybe,Maybe,No,Some of them,No,No,Don't know,No,NA
2014-09-08 16:46:53,26,Male,Colombia,NA,No,No,No,Often,6-25,No,Yes,No,No,No,No,No,Very difficult,Yes,No,No,No,No,Maybe,Yes,No,NA
2014-08-27 12:36:18,38,Male,Costa Rica,NA,No,No,No,NA,26-100,Yes,Yes,No,Yes,No,No,Yes,Somewhat easy,No,No,Yes,Yes,Maybe,Yes,No,No,NA
2014-08-28 10:25:39,43,Male,Croatia,NA,Yes,No,Yes,Sometimes,1-5,Yes,Yes,No,No,No,No,Yes,Very difficult,Yes,No,Yes,No,No,Maybe,No,Yes,NA
2014-08-30 07:31:05,33,male,Croatia,NA,No,Yes,Yes,Sometimes,6-25,Yes,Yes,Yes,Yes,No,Don't know,Yes,Very easy,No,No,Some of them,Yes,Maybe,Maybe,Yes,No,NA
2015-02-21 08:54:40,33,Male,Czech Republic,NA,No,Yes,No,Often,100-500,No,Yes,No,Yes,No,No,Don't know,Somewhat easy,No,No,Some of them,Yes,Maybe,Maybe,Don't know,Yes,NA
2014-08-28 14:51:46,35,Male,Denmark,NA,Yes,Yes,Yes,Often,1-5,No,Yes,No,Yes,Yes,No,Don't know,Somewhat easy,No,No,Some of them,Some of them,Maybe,Yes,Yes,No,NA
2014-08-28 14:53:02,35,Male,Denmark,NA,Yes,Yes,Yes,Often,1-5,No,Yes,No,Yes,Yes,No,Don't know,Somewhat easy,No,No,Some of them,Some of them,Maybe,Yes,Yes,No,NA
2014-08-27 15:31:38,34,Male,Finland,NA,No,No,No,Never,6-25,No,Yes,No,No,No,No,Don't know,Somewhat easy,No,No,Yes,Yes,No,Maybe,Don't know,No,NA
2014-08-27 16:16:51,18,male,Finland,NA,No,No,No,NA,500-1000,Yes,No,Don't know,No,No,Don't know,Don't know,Very easy,Yes,No,No,No,No,Maybe,Don't know,No,NA
2015-05-07 10:08:50,36,male,Finland,NA,No,No,Yes,Often,6-25,No,Yes,No,No,No,No,No,Very difficult,Yes,No,Some of them,No,No,Maybe,Don't know,Yes,NA
2014-08-27 11:35:08,36,Male,France,NA,Yes,Yes,No,NA,6-25,Yes,Yes,No,No,Yes,No,Yes,Somewhat easy,No,No,Some of them,Some of them,Maybe,Maybe,Don't know,No,NA
2014-08-27 11:50:28,26,Male,France,NA,No,No,No,NA,26-100,No,Yes,No,No,No,No,Don't know,Very easy,Yes,No,No,No,No,No,No,Yes,NA
2014-08-27 11:53:05,28,m,France,NA,No,No,No,Never,26-100,No,Yes,No,No,No,No,Don't know,Don't know,Maybe,No,Some of them,Some of them,No,No,Don't know,No,NA
2014-08-27 12:53:00,26,Male,France,NA,No,No,No,NA,6-25,Yes,Yes,No,Yes,No,No,Don't know,Somewhat easy,No,No,Some of them,No,No,Maybe,Yes,No,NA
2014-08-27 16:10:10,26,male,France,NA,No,No,No,Never,6-25,No,Yes,No,Yes,No,No,Don't know,Don't know,Maybe,No,Yes,Yes,Maybe,Maybe,No,No,NA
2014-08-28 07:01:30,43,male,France,NA,No,No,No,NA,100-500,No,Yes,Don't know,No,No,No,Don't know,Don't know,No,No,Some of them,Yes,Maybe,Maybe,Don't know,No,NA
2014-08-28 09:56:10,37,Male,France,NA,No,No,No,NA,100-500,No,Yes,No,No,No,No,Don't know,Somewhat easy,Maybe,Maybe,Some of them,Some of them,No,Maybe,No,No,NA
2014-08-28 09:56:30,31,male,France,NA,No,No,No,NA,500-1000,No,Yes,Don't know,No,No,Don't know,Don't know,Don't know,Maybe,Maybe,Some of them,No,No,No,Yes,No,NA
2014-08-28 10:04:34,27,male,France,NA,No,No,No,NA,6-25,No,Yes,Don't know,Not sure,Don't know,Don't know,Don't know,Don't know,No,No,Yes,Yes,No,No,Yes,No,NA
2014-08-28 10:30:04,24,Male,France,NA,No,No,No,NA,26-100,No,Yes,No,No,Yes,No,Don't know,Don't know,Maybe,No,Yes,Some of them,No,No,Don't know,No,NA
2014-08-29 08:53:19,27,Male,France,NA,No,Yes,No,NA,500-1000,No,No,Yes,Yes,Don't know,No,Yes,Somewhat easy,Maybe,Maybe,No,Some of them,No,Maybe,Don't know,Yes,NA
2014-08-30 03:55:19,50,male,France,NA,Yes,No,Yes,Sometimes,26-100,Yes,Yes,No,No,No,No,Don't know,Don't know,Maybe,Maybe,Some of them,Yes,No,No,Don't know,No,NA
2014-08-30 11:48:52,29,M,France,NA,No,No,Yes,Often,6-25,No,Yes,Yes,No,No,No,Yes,Somewhat easy,Maybe,Maybe,Yes,Some of them,No,Yes,No,No,NA
2014-09-14 09:04:08,20,Male,Georgia,NA,No,No,No,Rarely,26-100,No,No,No,No,No,No,Don't know,Very difficult,Yes,Yes,Some of them,No,No,Maybe,No,No,NA
2014-08-27 12:00:02,28,m,Germany,NA,No,No,No,Never,6-25,Yes,Yes,Don't know,No,Don't know,Don't know,Don't know,Very easy,No,No,Some of them,Some of them,Maybe,Yes,Yes,No,NA
2014-08-27 12:54:30,32,female,Germany,NA,No,No,No,Sometimes,100-500,No,Yes,No,No,No,No,Don't know,Very difficult,Yes,Yes,Some of them,No,No,No,No,Yes,Too many people even especially IT considered mental health issues as a choice or something people can freely act about. You are depressed: take vacation. You feel weird: admit it is physical (otherwise it is not serious) go and see a doctor (and if you are on sick leave too many days you will get fired). You don't feel good today: take a holiday but don't work from home. In startup there is what I call the tyranny of happiness: you have to look happy to be accepted and to be worked with. At some point playing a role can definitely make the mental health issue worse and it is also a threat to diversity :(I don't like to call mental health issues an issue but actually when it comes to company field it too often becomes an issue and this is sad because working is sometimes better than medication. It is a vicious circle: people are scared of speaking about it so they don't inform their coworkers about what mental health is for real and so coworkers are so scared on a regular basis that the people with mental health issues keep it for themselves.
2014-08-27 13:08:17,30,Male,Germany,NA,Yes,No,Yes,Often,6-25,Yes,Yes,Yes,Yes,No,No,Yes,Very difficult,No,No,Some of them,Yes,Maybe,Yes,Yes,No,I tried to answer as good as possible but I am CEO of a company so many questions don't fit very well.Also many of the questions are very US-centric in most systems healthcare is not your employers business.
2014-08-27 14:32:22,33,male,Germany,NA,Yes,Yes,Yes,Rarely,1-5,No,No,No,No,No,No,Don't know,Somewhat difficult,Yes,Yes,No,No,Maybe,No,Yes,Yes,NA
2014-08-27 15:03:56,34,male,Germany,NA,Yes,Yes,Yes,Rarely,26-100,Yes,Yes,No,No,No,Don't know,Don't know,Somewhat difficult,No,No,Yes,Yes,No,Maybe,Yes,No,NA
2014-08-27 15:23:33,25,Male,Germany,NA,No,Yes,Yes,Often,26-100,Yes,Yes,No,No,No,No,Yes,Somewhat easy,No,No,Yes,Yes,No,Yes,No,No,NA
2014-08-27 15:27:25,29,male,Germany,NA,No,Yes,Yes,Sometimes,26-100,No,Yes,Don't know,No,No,No,Don't know,Very easy,Maybe,No,Some of them,Some of them,Maybe,Maybe,Don't know,No,NA
2014-08-27 15:31:20,30,fluid,Germany,NA,No,Yes,Yes,Sometimes,100-500,No,Yes,Don't know,Not sure,No,No,Don't know,Somewhat difficult,No,No,Yes,Yes,Maybe,Maybe,No,No,In Germany your employer doesn't really provide mental health benefits. There's a standard and I get that but I would get the same at any other company in Germany.
2014-08-27 15:32:09,28,male,Germany,NA,No,Yes,Yes,Rarely,1-5,Yes,Yes,Yes,No,No,No,Yes,Very easy,No,No,Yes,Yes,No,No,Yes,No,fwiw I am a co founder of this company and the would you X in an interview questions shouldn't reflect how I would treat anyone addressing their own phys/mental health issue to me in such a situation.
2014-08-27 16:15:33,27,Male,Germany,NA,No,Yes,Yes,Sometimes,6-25,No,Yes,No,Not sure,No,No,Don't know,Somewhat difficult,Yes,Maybe,Some of them,No,No,No,No,Yes,NA
2014-08-27 16:16:40,23,male,Germany,NA,Yes,Yes,Yes,Often,26-100,Yes,Yes,Don't know,No,Don't know,Don't know,Don't know,Don't know,No,Maybe,Yes,Yes,Maybe,Yes,Don't know,No,you rock for doing this!
2014-08-27 16:20:40,43,male,Germany,NA,No,No,Yes,Sometimes,26-100,No,No,No,Yes,Don't know,No,Don't know,Somewhat easy,Maybe,No,Some of them,Some of them,No,Yes,No,Yes,NA
2014-08-27 16:34:18,25,Male,Germany,NA,No,No,No,Never,More than 1000,No,No,Don't know,Not sure,Don't know,Yes,Don't know,Don't know,No,No,Yes,Yes,No,Yes,Don't know,No,NA
2014-08-27 17:09:23,33,Male,Germany,NA,No,No,Yes,Sometimes,6-25,No,Yes,Yes,Yes,No,No,Yes,Very easy,Yes,Yes,Some of them,Some of them,No,Maybe,No,No,NA
2014-08-27 18:29:32,30,male,Germany,NA,No,No,No,Often,26-100,No,Yes,No,No,Don't know,No,Don't know,Somewhat easy,Maybe,No,Some of them,Some of them,Maybe,Yes,Don't know,No,NA
2014-08-28 01:14:11,24,m,Germany,NA,No,Yes,No,Sometimes,100-500,No,Yes,Don't know,No,No,No,Don't know,Somewhat easy,No,No,Some of them,Some of them,No,Maybe,Don't know,No,We don't fucking talk about it ever.
2014-08-28 02:46:56,31,Male,Germany,NA,No,No,No,Sometimes,6-25,Yes,Yes,No,No,No,No,No,Very easy,No,No,Yes,Yes,Maybe,Maybe,Yes,No,NA
2014-08-28 02:52:45,35,m,Germany,NA,No,No,Yes,Rarely,100-500,No,No,Don't know,No,Yes,Don't know,Don't know,Very easy,No,No,Some of them,Yes,No,No,Yes,No,NA
2014-08-28 02:54:44,28,male,Germany,NA,No,No,No,Never,26-100,No,Yes,No,No,No,No,Don't know,Somewhat easy,No,No,Some of them,Some of them,Yes,Yes,Don't know,No,NA
2014-08-28 03:15:01,36,Male,Germany,NA,No,No,No,NA,26-100,No,Yes,Yes,Yes,No,No,Yes,Very easy,No,No,Some of them,Yes,Maybe,Maybe,Yes,No,NA
2014-08-28 03:16:53,35,male,Germany,NA,No,No,No,NA,26-100,No,Yes,No,No,No,No,Don't know,Very easy,Maybe,No,Some of them,Some of them,No,No,Don't know,No,NA
2014-08-28 04:34:32,32,male,Germany,NA,Yes,No,No,Never,1-5,Yes,Yes,No,No,No,No,Don't know,Don't know,No,No,Some of them,Yes,No,Maybe,Don't know,No,NA
2014-08-28 04:53:52,31,male,Germany,NA,No,No,No,NA,6-25,No,Yes,Don't know,No,No,Don't know,Don't know,Somewhat easy,No,No,Some of them,Yes,Maybe,Maybe,Don't know,No,NA
2014-08-28 08:40:55,29,Male,Germany,NA,Yes,No,No,NA,1-5,No,Yes,No,Yes,No,No,Yes,Very easy,No,No,Yes,Yes,Yes,Yes,Yes,No,NA
2014-08-28 09:54:51,30,m,Germany,NA,No,No,No,NA,26-100,No,Yes,Don't know,No,No,Don't know,Yes,Somewhat easy,No,No,Some of them,No,Maybe,Maybe,Don't know,No,NA
2014-08-28 10:08:19,25,Male,Germany,NA,No,No,No,NA,500-1000,No,Yes,Yes,Yes,Don't know,Yes,Yes,Somewhat easy,Maybe,Maybe,Some of them,Yes,Yes,Yes,Yes,No,NA
2014-08-28 10:20:37,21,male,Germany,NA,No,No,No,Rarely,6-25,Yes,Yes,Don't know,No,No,No,Don't know,Very easy,Maybe,Maybe,Some of them,Some of them,No,Maybe,No,No,NA
2014-08-28 11:20:14,42,male,Germany,NA,No,No,No,NA,More than 1000,Yes,Yes,Don't know,Not sure,Yes,Yes,Yes,Very easy,No,No,Some of them,No,No,Maybe,Yes,No,NA
2014-08-28 11:32:37,34,male,Germany,NA,No,No,No,Rarely,26-100,No,Yes,No,No,No,No,Yes,Somewhat easy,Maybe,Maybe,No,Some of them,Maybe,Maybe,Yes,No,NA
2014-08-28 14:46:08,26,queer,Germany,NA,Yes,No,Yes,Sometimes,6-25,Yes,Yes,No,Not sure,Yes,Yes,Yes,Very easy,No,No,Some of them,Some of them,Maybe,Maybe,Yes,No,NA
2014-08-28 17:10:04,32,male,Germany,NA,Yes,No,No,Sometimes,1-5,Yes,Yes,No,Yes,No,No,Yes,Somewhat easy,No,No,Some of them,Some of them,Maybe,Maybe,No,No,NA
2014-08-28 17:47:45,34,male,Germany,NA,Yes,No,Yes,Sometimes,1-5,Yes,Yes,No,Not sure,No,No,Yes,Somewhat difficult,Maybe,Maybe,Some of them,Some of them,No,No,Don't know,No,To be self employed helps but also brings you in touch with lots of new people that you might have to explain yourself to.
2014-08-29 02:24:13,33,male,Germany,NA,No,Yes,Yes,Often,26-100,No,Yes,Don't know,Not sure,Yes,No,Yes,Somewhat easy,No,No,Some of them,Yes,Yes,Yes,Yes,No,NA
2014-08-29 05:15:30,25,male,Germany,NA,Yes,No,No,Sometimes,6-25,Yes,Yes,No,Yes,No,No,Yes,Somewhat easy,No,No,Some of them,Yes,Yes,Yes,Yes,No,NA
2014-08-29 05:24:07,35,male,Germany,NA,Yes,No,Yes,Sometimes,26-100,Yes,No,Don't know,No,No,No,Don't know,Somewhat difficult,Yes,Maybe,Yes,No,No,Maybe,Don't know,No,NA
2014-08-29 08:26:36,29,Male,Germany,NA,No,No,No,NA,6-25,No,Yes,Don't know,Not sure,No,No,Don't know,Somewhat easy,No,No,Some of them,Yes,Maybe,Yes,Don't know,No,NA
2014-08-29 08:36:24,26,male,Germany,NA,No,No,No,NA,500-1000,No,Yes,Don't know,No,Don't know,Don't know,Don't know,Don't know,No,No,Some of them,Some of them,Maybe,Maybe,Don't know,No,NA
2014-08-29 12:15:57,24,male,Germany,NA,No,Yes,Yes,Sometimes,6-25,No,Yes,No,No,No,No,Don't know,Somewhat easy,Maybe,No,Yes,Yes,No,No,Don't know,No,Thank you this is very important.
2014-08-29 16:50:08,37,male,Germany,NA,No,No,No,NA,6-25,No,Yes,Don't know,No,No,No,Yes,Very easy,No,No,Yes,Yes,Maybe,Maybe,Yes,No,NA
2014-08-29 16:51:31,41,male,Germany,NA,No,No,Yes,Sometimes,More than 1000,No,Yes,Don't know,No,No,No,Don't know,Somewhat difficult,No,No,Yes,Yes,No,No,Yes,No,NA
2014-08-30 12:35:06,37,male,Germany,NA,No,No,No,NA,6-25,Yes,Yes,No,Not sure,No,No,Don't know,Don't know,Maybe,No,Some of them,No,Maybe,Yes,Don't know,No,NA
2014-08-30 20:43:51,26,Male,Germany,NA,Yes,Yes,Yes,Often,1-5,No,Yes,No,No,No,No,Don't know,Don't know,Maybe,No,Yes,Yes,Maybe,Yes,No,Yes,NA
2014-09-01 08:19:15,23,Male,Germany,NA,No,Yes,Yes,Sometimes,6-25,No,Yes,Don't know,Not sure,No,No,Don't know,Somewhat easy,Maybe,No,No,No,No,No,Don't know,No,NA
2015-02-21 04:19:28,27,male,Germany,NA,No,No,No,NA,26-100,No,Yes,Don't know,Not sure,No,No,Don't know,Don't know,No,No,Some of them,Yes,Yes,Yes,Don't know,No,NA
2015-04-06 14:58:29,31,male,Germany,NA,No,Yes,Yes,Sometimes,100-500,No,Yes,Don't know,No,No,No,Yes,Somewhat easy,No,No,Some of them,No,No,No,Don't know,No,NA
2014-08-29 12:48:20,34,Male,Greece,NA,No,No,No,NA,26-100,Yes,Yes,No,No,No,No,Don't know,Very difficult,Yes,Maybe,Some of them,No,No,Maybe,No,No,NA
2015-02-22 02:40:32,39,Male,Greece,NA,No,No,No,NA,6-25,Yes,Yes,No,No,No,No,Yes,Don't know,Yes,No,No,No,No,No,Don't know,No,NA
2014-08-27 17:42:49,27,female,Hungary,NA,Yes,Yes,No,Sometimes,1-5,Yes,Yes,No,No,No,No,No,Very difficult,Yes,Maybe,No,No,No,Maybe,No,No,NA
2014-08-27 12:49:21,22,M,India,NA,No,No,Yes,Never,More than 1000,No,Yes,Don't know,Not sure,No,No,Don't know,Very difficult,Yes,Maybe,No,No,Maybe,Maybe,No,No,NA
2014-08-27 12:51:50,26,f,India,NA,Yes,No,No,Sometimes,6-25,No,No,No,No,No,No,Don't know,Somewhat easy,Maybe,Maybe,Some of them,Some of them,No,No,Don't know,No,NA
2014-08-27 15:31:31,23,Male,India,NA,No,No,No,NA,6-25,No,Yes,No,No,No,No,Don't know,Don't know,No,No,Some of them,Yes,Maybe,Maybe,No,No,NA
2014-08-28 06:11:06,22,male,India,NA,Yes,No,No,NA,1-5,Yes,Yes,Don't know,No,Don't know,Don't know,Don't know,Very easy,Maybe,Maybe,Some of them,Some of them,Maybe,Maybe,Yes,Yes,NA
2014-08-28 08:23:11,22,Male,India,NA,No,No,No,NA,26-100,No,Yes,No,No,No,No,Don't know,Don't know,Maybe,Maybe,Some of them,Yes,Maybe,Maybe,Don't know,No,NA
2014-08-28 09:18:13,23,Female,India,NA,No,Yes,Yes,Sometimes,More than 1000,No,Yes,Don't know,Not sure,No,Don't know,Don't know,Don't know,Yes,Maybe,No,No,No,No,Don't know,No,NA
2014-08-28 17:31:06,26,Male,India,NA,Yes,No,No,NA,100-500,No,Yes,No,No,No,No,Yes,Very easy,No,No,Some of them,Yes,No,No,Yes,No,NA
2014-08-29 09:15:52,20,Male,India,NA,No,No,Yes,Sometimes,26-100,No,Yes,Don't know,No,No,No,Don't know,Don't know,Yes,No,No,No,No,Maybe,Yes,No,NA
2014-08-30 06:48:28,30,Male,India,NA,No,No,No,Often,6-25,No,Yes,No,No,No,No,No,Very easy,Maybe,Maybe,Some of them,Some of them,Maybe,Maybe,Don't know,No,NA
2014-09-04 08:35:49,31,Male,India,NA,No,No,No,NA,26-100,No,Yes,Don't know,Not sure,No,No,Don't know,Don't know,Yes,Yes,No,No,No,No,Don't know,No,NA
2014-08-27 12:40:03,30,male,Ireland,NA,No,No,Yes,Rarely,100-500,No,Yes,No,Yes,Yes,Yes,Don't know,Somewhat easy,Yes,No,Some of them,No,No,No,No,Yes,NA
2014-08-27 12:48:37,23,male,Ireland,NA,Yes,Yes,No,Sometimes,1-5,No,Yes,No,No,No,No,Don't know,Very difficult,Yes,No,No,No,No,Maybe,No,No,NA
2014-08-27 12:58:42,37,Male,Ireland,NA,No,No,No,Sometimes,1-5,No,Yes,No,Yes,No,No,Don't know,Very difficult,Yes,No,No,No,No,Yes,Don't know,No,When you are an introvert people don't notice if you are depressed. Its a vicious cycle of sorts.
2014-08-27 13:55:38,30,Male,Ireland,NA,Yes,No,No,Sometimes,1-5,Yes,Yes,No,No,No,No,Don't know,Somewhat difficult,No,No,Some of them,Some of them,No,Maybe,No,No,NA
2014-08-27 14:37:33,45,Male,Ireland,NA,Yes,No,Yes,Often,1-5,No,Yes,No,No,No,No,Don't know,Very difficult,No,No,No,No,No,No,Don't know,No,NA
2014-08-27 16:31:16,40,Male,Ireland,NA,Yes,Yes,No,NA,More than 1000,No,Yes,No,No,No,No,No,Don't know,Yes,Maybe,Some of them,No,No,Maybe,No,Yes,NA
2014-08-28 03:47:30,37,Male,Ireland,NA,Yes,No,No,Never,6-25,No,Yes,No,No,No,No,Don't know,Don't know,Yes,Maybe,No,No,No,Maybe,Don't know,No,NA
2014-08-28 03:49:56,25,Male,Ireland,NA,No,Yes,Yes,Sometimes,26-100,No,Yes,No,No,No,No,Don't know,Don't know,Maybe,No,Some of them,Some of them,No,Maybe,No,No,NA
2014-08-28 06:02:05,26,Male,Ireland,NA,Yes,No,No,Never,1-5,Yes,Yes,No,No,No,No,Don't know,Somewhat difficult,Maybe,No,Some of them,Yes,Maybe,Maybe,Yes,No,NA
2014-08-28 06:10:25,30,Male,Ireland,NA,No,No,Yes,Sometimes,26-100,Yes,Yes,No,No,Don't know,No,Don't know,Very difficult,Maybe,Maybe,Some of them,No,No,No,No,No,NA
2014-08-28 06:27:59,24,male,Ireland,NA,No,No,No,NA,More than 1000,No,Yes,Don't know,Not sure,Don't know,Don't know,Don't know,Don't know,No,No,No,No,No,No,Don't know,No,NA
2014-08-28 11:40:11,37,Male,Ireland,NA,No,Yes,Yes,Sometimes,1-5,No,Yes,No,No,No,No,Don't know,Very easy,No,No,Yes,Yes,Maybe,Maybe,Yes,No,NA
2014-08-28 11:44:43,38,Male,Ireland,NA,No,Yes,Yes,Sometimes,1-5,No,Yes,No,No,No,No,No,Very difficult,Yes,Yes,No,No,No,No,No,No,NA
2015-02-21 04:23:05,34,female,Ireland,NA,No,No,Yes,Sometimes,500-1000,No,No,Yes,Yes,Yes,No,Yes,Don't know,Yes,Yes,Some of them,Some of them,No,No,Yes,No,NA
2015-02-21 04:32:45,35,Female,Ireland,NA,No,No,No,Rarely,1-5,No,Yes,Don't know,No,No,No,No,Don't know,Maybe,No,Some of them,No,No,Maybe,No,No,NA
2015-02-21 04:34:56,34,male,Ireland,NA,No,No,Yes,Often,6-25,No,Yes,No,No,No,No,Don't know,Somewhat difficult,Yes,Maybe,Some of them,Yes,No,Maybe,No,No,NA
2015-02-21 04:51:53,25,male,Ireland,NA,No,No,No,NA,100-500,No,Yes,Don't know,Not sure,No,Don't know,Don't know,Don't know,Maybe,No,Some of them,Yes,No,No,Don't know,No,NA
2015-02-21 05:55:17,34,Male,Ireland,NA,No,Yes,Yes,Never,1-5,Yes,Yes,No,No,No,No,Don't know,Don't know,Maybe,No,Some of them,Yes,No,No,Don't know,No,NA
2015-02-21 06:06:09,32,male,Ireland,NA,No,No,Yes,Sometimes,6-25,No,Yes,No,No,No,No,Don't know,Somewhat easy,No,No,Some of them,Yes,No,Maybe,Don't know,No,NA
2015-02-21 09:10:26,24,male,Ireland,NA,No,Yes,No,NA,1-5,No,Yes,No,No,No,No,Don't know,Don't know,Maybe,Maybe,No,No,No,No,Don't know,No,NA
2015-02-21 09:16:45,45,male,Ireland,NA,No,No,No,Never,More than 1000,Yes,Yes,Don't know,Not sure,No,No,Don't know,Don't know,Yes,No,Yes,Some of them,No,No,No,Yes,NA
2015-02-21 09:30:29,42,male,Ireland,NA,No,No,No,Never,26-100,No,Yes,No,Yes,No,No,No,Somewhat difficult,Yes,Yes,Some of them,Some of them,No,No,No,No,NA
2015-02-21 13:19:11,24,male,Ireland,NA,No,Yes,Yes,Sometimes,More than 1000,No,Yes,Yes,Yes,No,Yes,Don't know,Somewhat easy,Maybe,No,Some of them,No,No,Maybe,Yes,Yes,NA
2015-02-21 15:28:57,23,female,Ireland,NA,No,No,Yes,Rarely,26-100,No,Yes,No,Yes,Yes,No,Don't know,Don't know,No,No,Yes,Some of them,No,Maybe,Don't know,No,NA
2015-02-21 18:54:12,32,Female,Ireland,NA,No,Yes,No,Never,More than 1000,No,Yes,Yes,Yes,Don't know,Yes,Yes,Don't know,Maybe,No,Some of them,Some of them,No,No,Don't know,No,NA
2015-02-26 05:44:16,28,male,Ireland,NA,No,No,No,Sometimes,26-100,No,Yes,No,Yes,No,No,Yes,Don't know,Yes,Maybe,No,No,No,No,No,Yes,NA
2015-04-23 14:03:51,28,Male,Ireland,NA,No,No,Yes,Rarely,26-100,No,Yes,Don't know,No,No,Don't know,Don't know,Don't know,Maybe,No,No,No,No,Maybe,Don't know,No,NA
2014-08-27 16:21:54,26,Male,Israel,MD,No,No,No,Sometimes,6-25,No,Yes,No,No,No,No,Yes,Very easy,Maybe,No,Some of them,Yes,No,Maybe,Yes,No,Israel has public health insurance for everyone. Everyone has free mental health coverage and it's quite good. So that explains some of my answers.
2014-08-27 16:23:14,27,Male,Israel,NA,No,No,No,NA,26-100,No,Yes,No,No,No,No,Don't know,Somewhat difficult,Yes,No,Some of them,No,No,Maybe,No,Yes,NA
2014-08-28 08:00:40,26,female,Israel,NA,No,Yes,No,Never,100-500,No,Yes,Don't know,No,Don't know,Don't know,Don't know,Don't know,Maybe,No,Some of them,No,No,No,Yes,No,NA
2014-08-29 09:54:01,23,Male,Israel,NA,No,No,No,NA,100-500,No,Yes,Don't know,Not sure,No,No,Yes,Very easy,Maybe,No,Some of them,Yes,Maybe,Yes,Don't know,No,NA
2014-09-01 12:00:28,23,Male,Israel,NA,No,No,No,Never,More than 1000,No,No,No,Yes,Yes,Yes,Yes,Somewhat difficult,No,No,Yes,Yes,No,Yes,Yes,No,NA
2014-08-27 12:54:47,31,Mal,Italy,NA,Yes,Yes,No,Never,6-25,No,Yes,No,No,No,No,Don't know,Somewhat easy,Maybe,Maybe,Some of them,Some of them,No,Maybe,Don't know,No,NA
2014-08-27 16:21:55,33,Male,Italy,NA,No,No,No,Never,6-25,No,No,No,No,No,No,Don't know,Don't know,Maybe,Maybe,Some of them,Some of them,No,No,No,No,NA
2014-08-28 06:05:18,30,Male,Italy,NA,No,No,No,Sometimes,More than 1000,No,No,Don't know,No,No,No,Yes,Very easy,No,No,Some of them,Some of them,No,No,Don't know,No,NA
2014-08-28 11:10:53,32,Male,Italy,NA,No,No,No,NA,6-25,No,Yes,No,No,No,No,No,Somewhat difficult,Maybe,No,Some of them,No,Maybe,Maybe,No,No,Italians are somewhat behind for what concerns mental health care in the workplace.  Physical health care is very much accepted with a doctor that certifies your ailment.  Mental health is treated quite differently I believe because most people are willing to admit that physical ailments should be covered while mental ailments are almost considered non-existent in most respects.
2014-08-28 16:56:26,37,Male,Italy,NA,No,No,No,Sometimes,26-100,No,Yes,Don't know,Not sure,Don't know,Don't know,Don't know,Don't know,Yes,Yes,Some of them,No,No,No,No,No,NA
2014-08-29 11:24:48,33,Malr,Italy,NA,No,Yes,Yes,Sometimes,6-25,No,Yes,No,Not sure,No,No,Don't know,Somewhat easy,No,No,Some of them,Yes,No,No,Don't know,No,I suffered of panic attacks and agoraphobia for about 10 years.
2015-02-21 04:18:48,38,male,Italy,NA,No,No,No,Never,26-100,No,Yes,Don't know,Not sure,Don't know,Don't know,Yes,Don't know,No,No,Some of them,Yes,Yes,Maybe,No,No,NA
2014-08-28 03:13:20,49,male,Japan,NA,Yes,Yes,Yes,Sometimes,1-5,Yes,Yes,No,Yes,Yes,No,Don't know,Somewhat difficult,Yes,Yes,No,No,No,No,No,Yes,NA
2014-08-27 14:28:28,29,male,Latvia,NY,No,No,No,NA,26-100,No,Yes,No,Yes,No,No,Don't know,Somewhat easy,Maybe,Maybe,Some of them,Some of them,No,No,Don't know,No,NA
2014-08-27 12:17:01,31,male,Mexico,NA,No,Yes,Yes,Sometimes,6-25,No,Yes,Don't know,No,No,No,Don't know,Don't know,No,No,Some of them,Yes,Maybe,Yes,No,No,NA
2014-08-27 12:51:42,29,male,Mexico,NA,No,No,No,Never,6-25,Yes,Yes,No,No,No,No,No,Don't know,Maybe,Maybe,No,Yes,Maybe,Yes,No,No,NA
2014-08-28 17:10:08,43,Male,Mexico,NA,Yes,No,No,NA,More than 1000,Yes,Yes,Don't know,No,No,Don't know,Don't know,Don't know,No,No,Some of them,Yes,No,Maybe,Don't know,No,NA
2014-09-01 09:12:15,26,Male,Moldova,NA,No,No,Yes,Often,26-100,No,Yes,No,Yes,No,No,Yes,Very difficult,No,No,Yes,Yes,Yes,Yes,Don't know,No,NA
2014-08-27 11:43:10,18,Male,Netherlands,NA,No,No,No,Often,6-25,No,Yes,No,Not sure,No,No,Don't know,Somewhat difficult,Yes,Maybe,No,Some of them,No,No,No,No,NA
2014-08-27 13:26:35,30,male,Netherlands,NA,No,No,No,NA,26-100,No,Yes,Don't know,No,Don't know,Don't know,Yes,Somewhat easy,No,No,Some of them,Some of them,No,No,Yes,No,NA
2014-08-27 15:58:23,35,Male,Netherlands,NA,No,Yes,No,Never,100-500,No,Yes,Yes,No,No,No,Yes,Don't know,Yes,No,No,No,No,Maybe,Don't know,No,Nice job on the text field for gender :-)
2014-08-27 16:11:36,42,f,Netherlands,NA,No,No,Yes,Rarely,100-500,Yes,Yes,Yes,Yes,No,No,Yes,Don't know,Yes,No,Some of them,No,No,Maybe,Don't know,No,NA
2014-08-27 16:29:05,34,Male,Netherlands,NA,No,No,No,Rarely,6-25,No,Yes,Don't know,Not sure,Don't know,Don't know,Don't know,Somewhat easy,No,No,Some of them,Some of them,No,Maybe,Yes,No,-
2014-08-27 19:13:27,22,Male,Netherlands,NA,No,Yes,Yes,Sometimes,6-25,Yes,Yes,No,Not sure,No,Don't know,Don't know,Somewhat easy,No,No,Some of them,Yes,Maybe,Yes,Yes,No,NA
2014-08-28 00:47:55,38,male,Netherlands,NA,No,Yes,No,Often,26-100,Yes,Yes,No,Not sure,No,Don't know,Don't know,Don't know,Maybe,Maybe,Some of them,Some of them,Maybe,Maybe,Don't know,No,NA
2014-08-28 01:19:34,22,M,Netherlands,NA,Yes,No,No,Never,1-5,No,Yes,Don't know,Not sure,No,No,Don't know,Don't know,No,Maybe,Some of them,Yes,Maybe,Yes,No,Yes,NA
2014-08-28 04:02:47,22,Female,Netherlands,NA,No,No,No,Often,6-25,No,Yes,No,No,No,No,Don't know,Don't know,No,No,No,Some of them,No,Yes,Don't know,No,NA
2014-08-28 06:30:18,26,m,Netherlands,NA,No,No,No,Never,26-100,No,Yes,No,No,No,No,Don't know,Don't know,Maybe,Maybe,No,No,No,No,Don't know,No,NA
2014-08-28 09:54:47,29,M,Netherlands,NA,No,No,No,Never,1-5,Yes,Yes,No,No,No,No,Yes,Somewhat easy,No,No,Yes,Yes,No,Maybe,Yes,No,NA
2014-08-28 10:10:29,29,Male,Netherlands,NA,No,Yes,No,NA,6-25,No,Yes,No,No,No,No,Don't know,Very easy,No,No,Some of them,Yes,No,Maybe,Yes,No,NA
2014-08-28 11:48:12,39,Male,Netherlands,NA,Yes,No,No,NA,6-25,No,Yes,No,No,Yes,No,Yes,Somewhat easy,No,No,Some of them,Yes,Maybe,Maybe,Yes,No,NA
2014-08-28 12:42:30,37,Male,Netherlands,NA,No,No,No,NA,100-500,Yes,No,Don't know,No,Don't know,Don't know,Don't know,Somewhat easy,Maybe,No,Yes,Yes,No,No,Don't know,No,NA
2014-08-28 16:56:58,36,Male,Netherlands,NA,Yes,No,Yes,Sometimes,1-5,No,Yes,No,No,No,No,Don't know,Very easy,No,No,Yes,No,No,No,Yes,No,NA
2014-08-28 22:23:47,33,Male,Netherlands,NA,No,Yes,Yes,NA,6-25,No,Yes,Don't know,No,No,Don't know,Don't know,Don't know,No,No,Yes,Yes,Maybe,Maybe,Yes,Yes,NA
2014-08-29 00:47:09,34,Male,Netherlands,NA,No,No,Yes,Rarely,26-100,No,Yes,No,Yes,No,No,Yes,Very easy,No,No,Yes,Yes,Maybe,Maybe,Yes,No,NA
2014-08-29 03:02:45,34,male,Netherlands,NA,Yes,Yes,Yes,Rarely,1-5,Yes,Yes,Yes,Yes,Yes,Yes,Yes,Very easy,No,No,Yes,Some of them,No,Maybe,Yes,No,Though I'm in the Netherlands and chose that country from the list quite some questions are strongly geared towards the US. Over here people don't need benefits from their employer because we pay enough taxes for the government to pay for treatment of any physical or mental condition. We don't need employer approval for medical leave; that's something a qualified medical professional decides (and while on leave we still get paid our salaries something the employer can get insurance for). I answered yes to questions about these things meaning it's covered not it's covered by my employer.
2014-08-29 15:10:39,32,male,Netherlands,NA,Yes,No,Yes,Sometimes,1-5,No,Yes,No,No,No,No,Yes,Very difficult,Maybe,No,Some of them,Yes,No,Maybe,No,No,NA
2014-08-29 16:07:05,29,Male,Netherlands,NA,No,Yes,Yes,Often,1-5,No,Yes,Don't know,Not sure,Don't know,Yes,Don't know,Very difficult,No,Maybe,Yes,Yes,Maybe,No,Yes,No,Autism is a bitch for those living with it and living it. For the past years I've really been working hard to get myself (known) in the community. The people in the community that know can be counted on one hand. In general I'm not telling anyway unless it really matters and it would be a gain in some way or the other. Not because I don't trust the community members close to me but because I don't want to be that guy. And IMHO it doesn't and shouldn't matter but sadly some people are funky about that. Yet sometimes I wan't to tell everyone what I've been through and share my lessons learned.
2014-08-31 04:31:11,37,Male,Netherlands,NA,No,Yes,No,Sometimes,6-25,No,Yes,No,No,No,No,Yes,Somewhat easy,Maybe,No,Some of them,Yes,No,Maybe,Yes,No,NA
2014-09-02 17:04:56,37,Male,Netherlands,NA,Yes,No,No,Never,1-5,Yes,Yes,Don't know,Not sure,Don't know,Don't know,Don't know,Very easy,Yes,Yes,Some of them,Some of them,No,No,Don't know,No,NA
2015-02-21 09:29:20,28,male,Netherlands,NA,No,No,No,NA,6-25,No,Yes,No,Not sure,No,No,Don't know,Somewhat easy,Maybe,Maybe,Some of them,Some of them,No,No,Don't know,No,NA
2015-02-21 09:33:29,28,male,Netherlands,NA,No,No,No,NA,6-25,No,Yes,No,Not sure,No,No,Don't know,Somewhat easy,Maybe,Maybe,Some of them,Some of them,No,No,Don't know,No,NA
2015-02-21 11:48:52,41,female,Netherlands,NA,Yes,No,Yes,Rarely,1-5,Yes,Yes,Don't know,Yes,Don't know,Yes,No,Somewhat easy,No,No,Yes,Yes,Yes,Yes,Yes,No,The data will be skewed for self-employed people as the questions contain some bias.Having said that: being self-employed I *choose* to work for companies which want to employ *me* not just my skills but including my opinions my life-experience etc. If a potential contract/job doesn't *feel* right I prefer to not take it (and be poor) than to compromise myself.
2015-02-21 17:19:18,39,Male,Netherlands,NA,No,No,No,NA,More than 1000,No,No,Yes,Not sure,Yes,Don't know,Don't know,Somewhat easy,Maybe,Maybe,No,Some of them,No,No,Yes,No,NA
2015-04-04 11:22:05,30,male,Netherlands,NA,No,No,No,Sometimes,500-1000,No,Yes,Don't know,No,No,No,Don't know,Don't know,Maybe,No,Yes,Yes,Maybe,Yes,Don't know,No,NA
2014-08-27 15:23:54,42,Male,New Zealand,NA,No,No,No,Never,500-1000,No,Yes,Don't know,Not sure,No,No,Don't know,Don't know,No,No,Some of them,Yes,Maybe,Maybe,Don't know,No,NA
2014-08-27 15:32:43,28,Male,New Zealand,NA,No,Yes,Yes,Sometimes,6-25,Yes,Yes,Yes,Yes,Yes,No,Don't know,Very easy,No,No,Yes,Yes,Yes,Yes,Yes,No,NA
2014-08-27 17:33:52,51,Male,New Zealand,NA,No,No,Yes,Sometimes,26-100,Yes,Yes,No,Yes,Yes,No,No,Somewhat difficult,Yes,Yes,No,No,No,No,Don't know,Yes,NA
2014-08-27 18:41:00,32,Male,New Zealand,NA,No,No,Yes,Sometimes,6-25,No,Yes,No,No,No,No,Don't know,Very easy,No,No,Some of them,Yes,Maybe,Yes,Don't know,No,I suffer from mild depression and anxiety.
2014-08-27 18:59:44,27,Female,New Zealand,NA,No,Yes,Yes,Rarely,100-500,Yes,Yes,No,No,No,No,Don't know,Somewhat easy,Maybe,Maybe,Some of them,Some of them,No,Yes,Don't know,No,NA
2014-08-28 20:49:55,42,male,New Zealand,NA,No,No,Yes,Sometimes,More than 1000,No,No,No,Yes,Don't know,No,Yes,Somewhat difficult,Yes,Maybe,Some of them,Some of them,No,Yes,No,Yes,NA
2014-08-31 22:11:48,27,M,New Zealand,NA,No,No,No,Rarely,26-100,No,Yes,No,Yes,No,Yes,No,Somewhat difficult,Yes,No,No,No,No,Maybe,No,Yes,NA
2014-08-31 22:16:40,27,M,New Zealand,NA,No,No,No,Rarely,26-100,No,Yes,No,Yes,No,Yes,No,Somewhat difficult,Yes,No,No,No,No,Maybe,No,Yes,NA
2014-08-28 04:24:03,25,Male,Nigeria,NA,No,No,No,NA,6-25,No,Yes,No,No,No,No,Don't know,Don't know,Maybe,No,Yes,Yes,No,Yes,Don't know,No,NA
2014-08-28 11:19:35,33,m,Norway,NA,No,Yes,No,NA,26-100,No,Yes,Yes,Yes,No,No,Don't know,Very easy,No,No,Some of them,Yes,No,No,Don't know,No,NA
2015-02-21 09:19:12,31,Male,Philippines,NA,No,No,No,Sometimes,More than 1000,No,Yes,Don't know,No,No,No,Don't know,Very difficult,Yes,Yes,Some of them,No,No,Maybe,No,Yes,NA
2014-08-27 11:49:51,26,Female,Poland,NA,No,No,Yes,Sometimes,26-100,Yes,Yes,Don't know,Not sure,Yes,Yes,Yes,Very easy,No,No,Yes,Yes,Maybe,Yes,Yes,No,NA
2014-08-27 12:41:04,28,male,Poland,NA,No,No,No,Rarely,6-25,Yes,Yes,No,No,No,No,Don't know,Don't know,No,No,Yes,Yes,Maybe,Yes,Yes,No,NA
2014-08-27 13:53:21,29,male,Poland,NA,No,Yes,Yes,Rarely,6-25,No,Yes,No,Yes,No,No,Yes,Very difficult,Maybe,No,Some of them,Some of them,No,Yes,No,No,NA
2014-08-28 03:05:52,36,male,Poland,NA,Yes,Yes,Yes,Often,6-25,No,Yes,No,No,No,No,Don't know,Somewhat easy,No,No,Some of them,Yes,Maybe,Maybe,Yes,Yes,NA
2014-08-28 04:30:08,29,male,Poland,NA,No,No,No,Rarely,1-5,No,Yes,No,No,No,No,No,Somewhat difficult,No,Maybe,Some of them,No,No,No,Yes,No,NA
2014-09-08 00:52:31,34,male,Poland,NA,No,No,No,Never,More than 1000,Yes,Yes,Don't know,Not sure,No,No,Don't know,Don't know,Maybe,No,Some of them,Some of them,No,Yes,Don't know,No,NA
2015-04-11 14:35:22,31,Male,Poland,NA,Yes,No,Yes,Often,6-25,Yes,Yes,No,No,No,No,Don't know,Somewhat easy,Maybe,No,Some of them,No,No,No,Don't know,No,NA
2014-08-27 11:41:50,38,Male,Portugal,NA,No,No,No,NA,100-500,No,Yes,No,Yes,No,No,Don't know,Somewhat easy,Maybe,No,Some of them,Some of them,No,Maybe,No,No,NA
2014-08-27 14:06:26,27,male,Portugal,NA,No,No,No,Never,6-25,No,Yes,No,No,No,No,Yes,Don't know,Yes,No,No,No,No,Maybe,Don't know,No,It's a small startup in a small city in a small country.
2014-08-27 14:37:35,29,m,Romania,NA,No,No,No,NA,6-25,Yes,No,No,Yes,No,No,Don't know,Don't know,Maybe,Maybe,Some of them,Some of them,Maybe,Maybe,No,No,NA
2014-08-27 12:15:11,18,something kinda male?,Russia,NA,No,No,No,NA,26-100,Yes,Yes,Yes,Yes,No,No,Yes,Somewhat easy,No,No,Yes,Yes,Yes,Yes,Don't know,No,In Russia we have mandatory medical insurance. Every employer must pay 3.6% of every employee's salary to the insurance fund like a tax. Everyone gets free healthcare at public clinics and hospitals. Some types of healthcare including mental health are still funded from the government budget but that doesn't matter it's still FREE!However this is Russia :D I don't know much about what actually happens in mental hospitals here except that a lot of young people with male in their passports use these to avoid military draft and doctors seem to help them.
2014-08-27 12:54:11,28,Male,Russia,NA,No,No,No,Sometimes,26-100,No,Yes,No,No,No,No,Don't know,Don't know,Yes,Maybe,No,No,No,Maybe,Don't know,No,NA
2014-08-28 07:03:00,26,Male,Russia,NA,No,No,No,Never,26-100,No,Yes,No,Not sure,No,Don't know,Don't know,Somewhat difficult,No,No,Some of them,No,No,Maybe,Don't know,No,NA
2014-08-27 21:45:31,27,Male,Singapore,NA,No,No,No,Sometimes,1-5,Yes,Yes,No,No,No,No,Yes,Don't know,Yes,No,Some of them,Yes,No,No,No,No,Most employers / coworkers and even immediate family is not all the time supportive to discuss depression and other problems. ie. My wife thinks she should be able to make sure that I am not depressed  which is funny because sometimes depression state has nothing to do with her.
2014-08-27 23:59:59,30,Male,Singapore,NA,No,No,No,Sometimes,26-100,No,Yes,Don't know,Not sure,No,No,Don't know,Somewhat easy,Maybe,No,Some of them,No,No,Yes,No,Yes,NA
2014-09-03 01:32:51,51,M,Singapore,NA,No,No,No,Never,More than 1000,Yes,Yes,Don't know,No,No,Don't know,Don't know,Don't know,Yes,No,No,No,No,No,No,No,NA
2015-02-21 08:56:27,29,male,Singapore,NA,No,Yes,Yes,Sometimes,26-100,No,Yes,Don't know,Not sure,No,No,Don't know,Somewhat difficult,Maybe,No,No,No,No,Maybe,No,No,it is my opinion that bad mental health is a red flag for employers and i would never bring it up.
2014-08-27 12:34:51,19,male,Slovenia,NA,No,No,Yes,Sometimes,6-25,No,Yes,Don't know,No,No,No,Don't know,Somewhat easy,Yes,Yes,Some of them,No,No,No,Don't know,No,NA
2014-08-27 12:53:15,38,Female,South Africa,NA,Yes,Yes,Yes,Often,1-5,Yes,Yes,No,Yes,No,No,Yes,Somewhat easy,Maybe,Maybe,Some of them,Some of them,No,Maybe,Don't know,Yes,NA
2014-08-27 13:33:32,25,Male,South Africa,NA,No,No,No,NA,6-25,No,Yes,No,No,No,No,Yes,Somewhat difficult,Maybe,No,Some of them,Yes,No,Yes,No,No,NA
2014-08-28 10:18:46,31,Male,South Africa,NA,No,No,No,Never,100-500,Yes,Yes,No,No,No,No,No,Don't know,No,No,Some of them,Some of them,No,Maybe,No,No,Fully remote developer
2014-08-29 01:20:32,61,male,South Africa,NA,Yes,No,Yes,Sometimes,1-5,Yes,Yes,No,No,No,No,Don't know,Very difficult,Yes,Maybe,Some of them,Yes,No,Maybe,No,Yes,NA
2014-08-29 12:20:01,25,Male,South Africa,NA,No,Yes,Yes,Often,6-25,No,No,Don't know,No,No,No,Yes,Don't know,No,No,Some of them,Yes,No,Maybe,No,Yes,NA
2015-08-17 09:38:35,36,Male,South Africa,NA,No,Yes,Yes,Often,100-500,No,No,No,Yes,No,No,Don't know,Somewhat easy,No,No,Some of them,Yes,No,Yes,Yes,No,NA
2014-08-27 15:28:50,30,female,Spain,NA,No,Yes,No,NA,500-1000,No,Yes,No,No,No,No,Don't know,Don't know,Yes,Maybe,No,No,No,No,Don't know,No,NA
2014-08-27 13:31:35,22,Male,Sweden,NA,No,No,No,NA,6-25,No,Yes,Don't know,No,No,No,Don't know,Don't know,No,No,Some of them,Yes,Maybe,Maybe,No,No,NA
2014-08-27 14:52:53,25,Female,Sweden,NA,No,Yes,No,Sometimes,6-25,No,Yes,Yes,Yes,Yes,No,Don't know,Somewhat easy,No,No,Some of them,Yes,No,No,No,No,NA
2014-08-27 15:24:28,33,Female,Sweden,NA,No,Yes,Yes,Rarely,More than 1000,No,Yes,Yes,Yes,No,Yes,Yes,Don't know,Maybe,No,Some of them,No,No,Yes,Don't know,No,NA
2014-08-27 17:46:17,23,Male,Sweden,NA,No,No,No,Rarely,6-25,No,Yes,Don't know,No,No,Don't know,Don't know,Very easy,No,No,Some of them,Yes,Maybe,Maybe,Yes,No,NA
2014-08-28 15:50:44,29,Male,Sweden,NA,No,No,Yes,Rarely,6-25,No,Yes,No,Yes,No,No,Yes,Very easy,No,No,Some of them,Yes,No,No,Yes,No,NA
2014-08-29 09:27:12,27,Male,Sweden,NA,No,No,No,NA,6-25,No,Yes,No,No,No,No,Don't know,Don't know,No,No,No,No,No,No,Don't know,No,NA
2014-09-01 09:15:34,29,Male,Sweden,NA,No,No,No,Rarely,More than 1000,No,Yes,Don't know,Not sure,Don't know,Don't know,Don't know,Don't know,Maybe,Maybe,No,No,No,Yes,Don't know,Yes,NA
2014-08-27 11:46:36,28,M,Switzerland,NA,No,No,No,NA,100-500,No,Yes,No,No,No,No,Don't know,Don't know,No,No,No,No,No,Maybe,Don't know,No,NA
2014-08-27 14:13:24,30,Male,Switzerland,NA,Yes,No,No,Never,1-5,No,Yes,No,No,No,No,No,Somewhat easy,No,No,Yes,Yes,No,No,Yes,No,NA
2014-08-28 05:05:32,20,F,Switzerland,NA,No,No,No,Rarely,More than 1000,No,Yes,Yes,Yes,Yes,Yes,Yes,Somewhat easy,No,No,Some of them,Some of them,No,Maybe,Yes,No,NA
2014-08-28 10:22:06,30,Male,Switzerland,NA,No,Yes,Yes,Sometimes,26-100,No,Yes,Don't know,No,No,No,No,Very difficult,Yes,Yes,No,No,No,No,No,No,NA
2014-08-28 12:44:55,39,m,Switzerland,NA,No,No,Yes,Never,More than 1000,No,Yes,Yes,Yes,Yes,Yes,Yes,Somewhat easy,No,No,Some of them,Some of them,No,Maybe,Yes,No,NA
2014-08-28 13:34:57,27,Male,Switzerland,NA,No,Yes,No,NA,26-100,No,Yes,No,No,No,No,Don't know,Don't know,Maybe,No,Some of them,Yes,No,Yes,No,No,Thank you for your work what you do is important!
2014-08-29 11:34:07,35,Male,Switzerland,NA,No,Yes,Yes,Often,More than 1000,No,Yes,Don't know,Not sure,No,No,Yes,Very easy,No,No,Some of them,Some of them,No,Maybe,No,No,NA
2014-08-28 11:21:48,40,Male,Thailand,NA,Yes,No,No,Never,6-25,No,Yes,No,No,No,No,Yes,Very easy,No,No,Some of them,Yes,Maybe,Maybe,Yes,No,NA
2014-08-27 11:29:46,31,Male,United Kingdom,NA,NA,Yes,Yes,Often,26-100,No,Yes,No,Yes,No,No,No,Somewhat difficult,Yes,Yes,Some of them,No,Maybe,Maybe,No,Yes,NA
2014-08-27 11:34:20,23,Male,United Kingdom,NA,NA,No,Yes,Sometimes,26-100,Yes,Yes,Don't know,No,Don't know,Don't know,Don't know,Very easy,Maybe,No,Some of them,No,Maybe,Maybe,No,No,My company does provide healthcare but not to me as I'm on a fixed-term contract. The mental healthcare I use is provided entirely outside of my work.
2014-08-27 11:38:18,37,Male,United Kingdom,NA,No,No,No,Sometimes,6-25,No,Yes,No,No,No,No,Don't know,Very difficult,Yes,Maybe,Some of them,No,No,Maybe,No,No,NA
2014-08-27 11:39:03,32,Male,United Kingdom,NA,No,No,No,Never,6-25,Yes,Yes,No,No,No,No,Don't know,Don't know,Yes,Yes,Some of them,Some of them,No,Maybe,No,No,NA
2014-08-27 11:39:31,30,male,United Kingdom,NA,No,Yes,Yes,Sometimes,500-1000,Yes,Yes,Don't know,No,No,No,Yes,Somewhat easy,Maybe,No,Some of them,Yes,No,Yes,Don't know,No,NA
2014-08-27 11:42:25,24,Male,United Kingdom,NA,No,No,Yes,Sometimes,6-25,No,Yes,No,No,No,No,Don't know,Don't know,Maybe,Maybe,Some of them,No,No,Yes,No,Yes,NA
2014-08-27 11:43:45,28,Male,United Kingdom,NA,No,No,No,NA,26-100,No,Yes,Don't know,Not sure,No,No,Don't know,Don't know,No,Maybe,Some of them,Yes,Maybe,Yes,Don't know,No,NA
2014-08-27 11:50:27,27,Male,United Kingdom,NA,No,No,No,Never,100-500,No,Yes,Yes,Not sure,No,Yes,Don't know,Somewhat easy,No,No,Yes,Yes,Maybe,Maybe,Yes,No,NA
2014-08-27 11:56:17,38,Male,United Kingdom,NA,No,No,No,NA,26-100,No,Yes,No,No,No,Don't know,Yes,Somewhat easy,No,No,Some of them,Yes,Maybe,Yes,Yes,No,NA
2014-08-27 11:57:30,19,Male,United Kingdom,NA,No,No,No,NA,1-5,No,Yes,No,Yes,No,No,No,Somewhat difficult,Yes,No,No,No,No,Maybe,No,No,NA
2014-08-27 12:02:40,23,Male,United Kingdom,NA,No,No,No,Never,26-100,No,Yes,Yes,Not sure,Yes,Don't know,Don't know,Very easy,No,No,Some of them,Yes,Maybe,Maybe,Yes,No,NA
2014-08-27 12:07:08,39,Male,United Kingdom,NA,Yes,No,Yes,Often,6-25,No,Yes,No,No,No,No,Don't know,Very difficult,Maybe,No,Some of them,No,No,Maybe,No,Yes,NA
2014-08-27 12:31:34,26,Male,United Kingdom,NA,No,No,No,Never,6-25,No,Yes,Don't know,No,No,Don't know,Don't know,Very easy,No,No,Some of them,Some of them,No,No,Don't know,Yes,NA
2014-08-27 12:31:41,21,Male,United Kingdom,NA,Yes,No,No,Often,1-5,Yes,No,No,Yes,No,No,Yes,Very difficult,Yes,No,Some of them,Yes,No,Maybe,No,No,NA
2014-08-27 12:34:13,27,Male,United Kingdom,NA,No,No,No,NA,6-25,No,Yes,No,No,No,No,Don't know,Don't know,No,No,Some of them,Some of them,No,No,Don't know,No,NA
2014-08-27 12:34:48,31,Male,United Kingdom,NA,No,Yes,No,Sometimes,6-25,No,Yes,No,No,No,No,Don't know,Somewhat easy,Maybe,Maybe,No,No,No,No,Yes,No,NA
2014-08-27 12:37:09,39,M,United Kingdom,NA,No,No,No,Never,26-100,No,No,No,No,No,No,Don't know,Don't know,Yes,Maybe,No,No,No,No,Don't know,No,NA
2014-08-27 12:37:26,28,Male,United Kingdom,NA,No,No,No,Never,6-25,No,Yes,Don't know,No,No,No,Yes,Very easy,No,No,Some of them,Yes,Maybe,Maybe,Yes,No,NA
2014-08-27 12:38:18,37,Male,United Kingdom,NA,Yes,No,Yes,Sometimes,More than 1000,No,No,No,Yes,Yes,Yes,Yes,Very difficult,Yes,Yes,Some of them,No,No,Maybe,Yes,No,I'm not a permanent employee so do not get they benefits they get.My client is extremely supportive of permanent staff with mental health issues.
2014-08-27 12:39:48,24,M,United Kingdom,NA,No,No,No,Never,6-25,No,Yes,No,No,No,No,Yes,Don't know,Maybe,Maybe,No,Some of them,No,No,Don't know,No,NA
2014-08-27 12:41:59,37,Male,United Kingdom,NA,No,Yes,Yes,Rarely,More than 1000,No,No,Yes,Yes,Yes,Yes,Yes,Somewhat difficult,Yes,Maybe,Some of them,No,No,Yes,No,Yes,NA
2014-08-27 12:43:53,36,Male,United Kingdom,NA,No,No,Yes,Sometimes,More than 1000,No,No,Yes,Yes,Yes,Yes,Yes,Somewhat easy,Maybe,Maybe,Some of them,Some of them,No,Maybe,Don't know,Yes,I feel that my employer and colleagues have created my mental health issue. Additionally I have contributed to this by staying in the same job with the same employer for 10+ years.
2014-08-27 12:47:25,27,Woman,United Kingdom,NA,Yes,Yes,No,NA,1-5,Yes,Yes,No,Yes,No,No,Yes,Somewhat easy,No,No,Yes,Yes,No,Maybe,Yes,No,as a UK-based company we don't have any medical provisions as it's all provided on the National Health Service (for now!) However if we do need to take days off for any kind of health problems everyone is understanding :)
2014-08-27 12:48:39,24,Male,United Kingdom,NA,No,No,No,Rarely,100-500,No,Yes,Don't know,Not sure,Yes,Don't know,Don't know,Very easy,Maybe,Maybe,Some of them,Some of them,No,Maybe,Don't know,No,NA
2014-08-27 12:48:40,26,Male,United Kingdom,NA,No,No,Yes,Sometimes,More than 1000,No,Yes,Yes,Yes,Don't know,Don't know,Yes,Somewhat easy,No,No,Yes,Yes,No,No,Don't know,No,My employer employs 17k people worldwide and my previous employer only 140 globally both have been very supportive and accommodating with my moderate depression and intense anxiety.
2014-08-27 12:48:51,31,Male,United Kingdom,NA,Yes,No,Yes,Often,6-25,No,Yes,Don't know,No,No,No,Don't know,Don't know,Maybe,No,Some of them,Yes,No,Maybe,Don't know,No,NA
2014-08-27 12:50:36,28,Male,United Kingdom,NA,No,No,No,NA,100-500,No,No,No,Not sure,No,Yes,Yes,Somewhat easy,No,No,Some of them,Some of them,Maybe,Maybe,Yes,No,NA
2014-08-27 12:51:51,28,Female,United Kingdom,NA,No,No,No,Never,26-100,No,Yes,Don't know,No,No,Don't know,Yes,Somewhat easy,No,No,Yes,Yes,Maybe,Maybe,Don't know,No,NA
2014-08-27 12:52:49,24,Male,United Kingdom,NA,No,No,No,Sometimes,6-25,No,Yes,Don't know,No,No,Don't know,Don't know,Somewhat easy,Maybe,No,Some of them,Yes,Maybe,Yes,Yes,No,NA
2014-08-27 12:53:05,23,male,United Kingdom,NA,No,Yes,No,NA,1-5,Yes,Yes,Don't know,No,No,No,Don't know,Don't know,No,No,Some of them,Yes,Maybe,Yes,Don't know,No,NA
2014-08-27 12:56:56,28,Male,United Kingdom,NA,No,Yes,Yes,Sometimes,More than 1000,No,Yes,Don't know,No,No,No,Don't know,Don't know,Maybe,Maybe,Some of them,No,No,Maybe,Don't know,No,NA
2014-08-27 13:02:14,32,Male,United Kingdom,NA,No,Yes,Yes,Sometimes,100-500,Yes,Yes,Don't know,Not sure,No,No,Don't know,Somewhat difficult,Yes,Maybe,No,No,No,No,No,Yes,I've answered 'Yes' on remote working but 50% is the maximum time we're allowed.The branch of the company I work for doesn't offer any medical benefits. It's not as common in the UK as we have the NHS for the moment. There are international branches that may so I've answered 'Don't know'.
2014-08-27 13:06:12,37,Male,United Kingdom,NA,No,Yes,No,Sometimes,26-100,No,No,No,No,No,No,Don't know,Don't know,Yes,Maybe,Some of them,Yes,No,Maybe,Don't know,No,NA
2014-08-27 13:07:24,26,Male,United Kingdom,NA,Yes,No,Yes,Often,1-5,Yes,Yes,No,No,No,No,Don't know,Don't know,Yes,No,No,No,No,Maybe,Don't know,No,NA
2014-08-27 13:12:43,33,Male,United Kingdom,NA,No,No,No,NA,26-100,No,Yes,Don't know,No,No,No,Don't know,Don't know,No,No,Yes,Yes,Yes,Yes,Don't know,No,NA
2014-08-27 13:22:42,26,male,United Kingdom,NA,Yes,No,Yes,Sometimes,1-5,No,Yes,No,Yes,No,No,Don't know,Don't know,Maybe,No,Some of them,Some of them,No,Maybe,Yes,No,NA
2014-08-27 13:24:34,38,Male,United Kingdom,NA,No,No,Yes,Sometimes,More than 1000,No,No,Don't know,Not sure,Don't know,Don't know,Don't know,Very difficult,Yes,No,No,No,No,Maybe,No,No,NA
2014-08-27 13:26:54,25,Male,United Kingdom,NA,No,No,No,Never,26-100,No,Yes,No,No,No,No,Don't know,Somewhat difficult,Yes,Maybe,No,No,No,Maybe,No,No,NA
2014-08-27 13:29:45,34,Male,United Kingdom,NA,No,Yes,No,NA,6-25,No,Yes,No,No,No,No,Yes,Somewhat difficult,No,No,Some of them,Yes,No,Yes,No,Yes,NA
2014-08-27 13:37:18,29,Male,United Kingdom,NA,No,No,No,NA,6-25,No,No,No,No,No,No,Yes,Very easy,No,No,Yes,Yes,Maybe,Yes,Yes,No,NA
2014-08-27 13:44:05,27,Male,United Kingdom,NA,No,No,No,NA,100-500,No,No,Don't know,Not sure,Don't know,Don't know,No,Very easy,Maybe,Maybe,Yes,Yes,No,No,Don't know,No,NA
2014-08-27 13:47:05,23,Female,United Kingdom,NA,No,No,Yes,Sometimes,6-25,No,Yes,Don't know,Not sure,Don't know,Don't know,Don't know,Don't know,Maybe,Maybe,Some of them,Some of them,No,Maybe,Yes,No,NA
2014-08-27 13:48:01,24,Male,United Kingdom,NA,No,No,No,NA,1-5,No,Yes,No,No,No,No,Don't know,Don't know,Yes,No,Some of them,Some of them,No,Yes,No,No,NA
2014-08-27 13:54:24,32,Male,United Kingdom,NA,Yes,Yes,Yes,Sometimes,1-5,Yes,Yes,Don't know,Not sure,Don't know,Don't know,Don't know,Very easy,Maybe,Maybe,Yes,Some of them,Maybe,Maybe,Don't know,Yes,Some of these questions were difficult to answer as being self-employed they didn't all apply to me.
2014-08-27 13:59:24,34,male,United Kingdom,NA,No,No,No,Sometimes,26-100,No,Yes,No,Yes,No,No,Don't know,Somewhat easy,Maybe,Maybe,Yes,Some of them,No,No,Don't know,No,NA
2014-08-27 14:11:46,27,Male,United Kingdom,NA,No,Yes,Yes,Sometimes,6-25,No,Yes,No,No,No,No,Yes,Somewhat easy,Maybe,Maybe,Yes,Yes,Yes,Yes,Yes,No,Hi Ed it's Paul Dragoonis. I have Aspergers/High Functioning Autism :-)
2014-08-27 14:38:06,30,Male,United Kingdom,NA,No,No,Yes,Sometimes,26-100,No,Yes,Don't know,No,No,Don't know,Don't know,Don't know,Yes,Maybe,No,No,No,Maybe,Don't know,No,NA
2014-08-27 14:41:16,33,Male,United Kingdom,NA,No,No,No,Rarely,1-5,Yes,Yes,Don't know,No,No,No,Don't know,Don't know,Yes,Maybe,No,No,No,Maybe,No,No,NA
2014-08-27 14:51:29,30,Male,United Kingdom,NA,No,No,No,Never,6-25,No,Yes,No,No,No,Don't know,Don't know,Very easy,No,No,Some of them,Yes,No,Maybe,Yes,No,A co-worker recently had mental health issues and my employer was very reasonable with them I don't know the full story but I do know that he was given ample time off and eased back in to the work place.
2014-08-27 15:15:29,21,Male,United Kingdom,NA,No,No,Yes,Sometimes,6-25,No,No,Don't know,Not sure,No,No,No,Very easy,Yes,No,Some of them,No,No,Maybe,No,No,NA
2014-08-27 15:25:09,48,M,United Kingdom,NA,No,No,No,NA,26-100,No,Yes,Don't know,No,No,No,Don't know,Don't know,Maybe,Maybe,No,No,No,No,No,No,NA
2014-08-27 15:25:16,35,Male,United Kingdom,NA,No,No,No,Sometimes,6-25,No,Yes,No,No,No,No,Don't know,Very difficult,Maybe,Maybe,Some of them,Yes,No,Maybe,No,Yes,NA
2014-08-27 15:30:51,31,Enby,United Kingdom,NA,No,Yes,Yes,Sometimes,More than 1000,No,Yes,Don't know,No,No,No,Don't know,Don't know,Yes,Maybe,No,No,No,Yes,Yes,No,NA
2014-08-27 15:34:23,32,Male,United Kingdom,NA,No,Yes,Yes,Sometimes,6-25,No,Yes,No,No,No,Don't know,Don't know,Somewhat easy,No,No,Some of them,Yes,No,No,Don't know,No,NA
2014-08-27 15:43:30,26,Male,United Kingdom,NA,No,Yes,No,Sometimes,6-25,No,Yes,No,No,No,No,Don't know,Don't know,Maybe,Maybe,No,No,No,Maybe,No,No,NA
2014-08-27 15:59:41,32,Male,United Kingdom,NA,No,No,No,Never,6-25,No,Yes,No,No,No,No,Don't know,Don't know,Maybe,No,Some of them,No,No,Yes,Yes,No,NA
2014-08-27 16:00:16,29,Male,United Kingdom,NA,No,No,No,NA,26-100,No,Yes,Don't know,No,Don't know,Don't know,Don't know,Don't know,No,No,Some of them,Yes,Maybe,Maybe,Yes,No,NA
2014-08-27 16:04:01,38,Male,United Kingdom,NA,Yes,No,Yes,Sometimes,26-100,Yes,Yes,No,No,No,No,Yes,Somewhat easy,Maybe,Maybe,Some of them,Yes,No,Maybe,Yes,No,NA
2014-08-27 16:07:32,28,Male,United Kingdom,NA,No,No,Yes,Sometimes,More than 1000,No,Yes,No,No,No,No,No,Very difficult,Yes,Maybe,No,Some of them,No,Maybe,No,No,NA
2014-08-27 16:14:04,39,Female,United Kingdom,NA,No,No,Yes,Sometimes,More than 1000,No,Yes,Yes,Yes,No,Yes,Don't know,Don't know,Yes,No,Some of them,Some of them,No,Maybe,No,Yes,NA
2014-08-27 16:19:05,18,Female,United Kingdom,NA,No,Yes,Yes,Sometimes,1-5,Yes,Yes,Don't know,Not sure,Don't know,Don't know,Don't know,Don't know,Maybe,Maybe,Some of them,Some of them,Maybe,Maybe,Don't know,No,I don't have a job :D
2014-08-27 16:28:20,54,Male,United Kingdom,NA,No,No,Yes,Sometimes,More than 1000,Yes,No,No,Yes,Yes,Yes,Yes,Very easy,No,No,Yes,Yes,Maybe,Maybe,No,No,NA
2014-08-27 16:32:31,32,male,United Kingdom,NA,No,No,No,NA,26-100,No,Yes,No,Not sure,No,Don't know,Don't know,Don't know,No,No,No,Some of them,No,Maybe,Don't know,No,NA
2014-08-27 16:39:01,32,male,United Kingdom,NA,No,Yes,Yes,Sometimes,6-25,Yes,Yes,Yes,No,No,No,Don't know,Don't know,No,No,Yes,Yes,Maybe,Maybe,Yes,No,NA
2014-08-27 17:10:56,34,Male,United Kingdom,NA,No,Yes,Yes,Often,26-100,No,Yes,No,Yes,No,No,Yes,Very easy,Maybe,Maybe,Yes,Yes,No,No,No,No,NA
2014-08-27 17:39:58,27,Male,United Kingdom,NA,No,No,No,NA,6-25,No,Yes,No,No,No,No,Don't know,Don't know,No,No,Some of them,Yes,No,Yes,Don't know,No,NA
2014-08-27 17:52:31,27,Male,United Kingdom,NA,No,No,No,Never,6-25,No,Yes,Don't know,No,No,No,Don't know,Don't know,Maybe,Maybe,Some of them,Some of them,No,No,Don't know,No,NA
2014-08-27 18:02:42,32,male,United Kingdom,NA,No,No,No,Never,6-25,No,Yes,Don't know,No,No,No,Don't know,Don't know,No,No,Yes,Yes,Yes,Yes,Yes,No,NA
2014-08-27 18:13:38,28,Androgyne,United Kingdom,NA,No,Yes,Yes,Rarely,100-500,No,Yes,No,Not sure,No,No,Yes,Somewhat difficult,Yes,Yes,Some of them,Some of them,Yes,No,No,Yes,I bring up my depression in interviews solely because I have a large gap on my CV due to mental health issues which could be mistaken for a gap taken to say have children which I feel would harm my chances much more. I have other MH issues I would never bring up with employers or peers.
2014-08-27 18:14:59,23,female,United Kingdom,NA,No,No,No,NA,6-25,No,Yes,Don't know,Not sure,No,No,Don't know,Very easy,Maybe,No,No,Some of them,No,Yes,Yes,No,NA
2014-08-27 18:16:52,30,Male,United Kingdom,NA,No,No,No,Never,26-100,Yes,Yes,Don't know,Not sure,Don't know,Don't know,Don't know,Very easy,No,No,Yes,Yes,Maybe,Maybe,Yes,No,NA
2014-08-27 18:56:46,21,Agender,United Kingdom,NA,No,No,Yes,Sometimes,26-100,No,Yes,No,Yes,Yes,No,Yes,Somewhat easy,Maybe,No,Some of them,Some of them,No,No,Yes,No,NA
2014-08-28 01:04:45,22,Male,United Kingdom,NA,No,Yes,Yes,Sometimes,100-500,No,Yes,Yes,Yes,No,No,Yes,Very easy,No,No,Some of them,Yes,Maybe,Yes,Yes,No,NA
2014-08-28 02:32:11,24,Female,United Kingdom,NA,No,No,Yes,Sometimes,100-500,No,Yes,No,No,No,No,Don't know,Don't know,Maybe,No,No,Some of them,No,Maybe,Don't know,No,NA
2014-08-28 03:06:14,30,Male,United Kingdom,NA,No,No,Yes,Often,26-100,No,Yes,No,No,No,No,Yes,Somewhat easy,No,No,Some of them,Yes,No,Maybe,Yes,No,NA
2014-08-28 04:09:14,29,Male,United Kingdom,NA,No,Yes,Yes,Never,100-500,No,Yes,Don't know,Not sure,Don't know,Don't know,Don't know,Don't know,Maybe,Maybe,No,No,No,No,No,No,NA
2014-08-28 04:11:27,54,male,United Kingdom,NA,Yes,Yes,Yes,Sometimes,1-5,Yes,Yes,Don't know,Not sure,No,No,Don't know,Very easy,No,No,Some of them,Yes,Yes,Yes,Don't know,Yes,NA
2014-08-28 04:37:54,30,M,United Kingdom,NA,No,Yes,Yes,Sometimes,More than 1000,No,Yes,Yes,Yes,No,Don't know,Yes,Don't know,Maybe,No,Some of them,Yes,No,Yes,Yes,No,NA
2014-08-28 05:12:15,27,Male,United Kingdom,NA,No,No,No,Never,1-5,No,Yes,Don't know,No,No,Don't know,Don't know,Don't know,No,No,Some of them,Yes,Maybe,Maybe,Don't know,No,NA
2014-08-28 09:16:21,21,Female,United Kingdom,NA,No,No,No,NA,6-25,No,Yes,No,No,No,No,Don't know,Don't know,Yes,Maybe,Some of them,No,No,No,Don't know,No,NA
2014-08-28 09:54:21,27,f,United Kingdom,NA,No,No,Yes,Sometimes,6-25,Yes,Yes,Don't know,Not sure,Yes,Don't know,Yes,Very easy,No,No,Yes,Yes,Maybe,Maybe,Yes,No,NA
2014-08-28 09:56:03,32,Male,United Kingdom,NA,No,No,No,NA,6-25,No,Yes,No,No,No,No,Don't know,Don't know,Yes,No,No,No,No,Yes,No,No,NA
2014-08-28 09:56:04,32,Male,United Kingdom,NA,No,No,Yes,Sometimes,26-100,No,No,Yes,Yes,No,No,Yes,Very easy,No,No,No,Yes,No,No,Yes,No,NA
2014-08-28 10:00:48,32,Male,United Kingdom,NA,No,No,Yes,Rarely,100-500,No,Yes,Don't know,No,No,No,Don't know,Don't know,Maybe,No,Yes,Yes,No,Maybe,No,Yes,NA
2014-08-28 10:02:45,34,Male,United Kingdom,NA,No,No,No,NA,6-25,No,Yes,No,No,No,No,Don't know,Somewhat easy,Maybe,Maybe,Some of them,Yes,No,Maybe,Don't know,No,NA
2014-08-28 10:07:53,-1726,male,United Kingdom,NA,No,No,Yes,Sometimes,26-100,No,No,No,No,No,No,Don't know,Somewhat difficult,Yes,No,No,No,No,Maybe,Don't know,No,NA
2014-08-28 10:13:44,33,Male,United Kingdom,NA,No,No,No,NA,6-25,No,Yes,Don't know,No,No,No,Don't know,Don't know,Maybe,No,Some of them,Some of them,No,Maybe,Don't know,No,NA
2014-08-28 10:29:47,37,m,United Kingdom,NA,No,No,Yes,Often,6-25,No,Yes,No,No,No,No,Don't know,Don't know,Yes,No,Yes,Yes,Maybe,Yes,No,No,NA
2014-08-28 10:42:09,33,Male,United Kingdom,NA,Yes,No,No,Never,100-500,No,No,No,Not sure,No,No,Don't know,Very easy,No,No,Yes,Some of them,No,Yes,No,No,NA
2014-08-28 10:47:12,33,Male,United Kingdom,NA,No,No,Yes,Sometimes,26-100,No,Yes,Don't know,Not sure,No,No,Don't know,Don't know,Maybe,No,Some of them,No,No,Maybe,Don't know,No,NA
2014-08-28 10:51:08,27,Male,United Kingdom,NA,No,No,No,NA,6-25,No,Yes,No,No,No,Yes,Yes,Don't know,Maybe,No,Yes,Some of them,No,Yes,Yes,No,NA
2014-08-28 11:02:41,39,Male,United Kingdom,NA,No,No,Yes,Sometimes,100-500,No,Yes,No,No,No,No,Don't know,Very easy,No,No,No,Some of them,No,Yes,Yes,No,NA
2014-08-28 11:50:28,27,Male,United Kingdom,NA,No,No,No,Never,26-100,No,Yes,Don't know,Not sure,No,Don't know,Don't know,Somewhat easy,No,No,Some of them,No,Yes,Yes,Don't know,No,NA
2014-08-28 11:58:21,28,Male,United Kingdom,NA,No,No,No,Never,26-100,No,Yes,Don't know,Not sure,No,No,Don't know,Somewhat easy,No,No,Some of them,Yes,Maybe,Yes,Don't know,No,NA
2014-08-28 11:59:23,39,male,United Kingdom,NA,No,No,Yes,Sometimes,500-1000,No,No,Don't know,No,No,No,Don't know,Don't know,Maybe,Maybe,Some of them,Some of them,No,No,Don't know,No,NA
2014-08-28 12:05:41,32,Male,United Kingdom,NA,No,No,No,NA,More than 1000,No,No,Don't know,Not sure,No,Don't know,Don't know,Don't know,Maybe,No,Some of them,Some of them,No,Yes,Don't know,No,NA
2014-08-28 12:06:55,28,Male,United Kingdom,NA,No,No,No,NA,More than 1000,No,No,Don't know,Not sure,No,Don't know,Don't know,Don't know,No,No,Some of them,Some of them,Yes,Yes,No,No,NA
2014-08-28 12:07:28,37,Male,United Kingdom,NA,No,Yes,Yes,Rarely,6-25,No,Yes,No,No,No,No,Yes,Somewhat easy,Yes,No,Some of them,Yes,No,Maybe,No,Yes,Some of these questions are not really suitable for non US people.
2014-08-28 12:10:08,32,Neuter,United Kingdom,NA,No,No,Yes,Sometimes,More than 1000,No,No,Don't know,No,Yes,Yes,Don't know,Don't know,No,No,Yes,Some of them,Yes,Yes,Yes,Yes,NA
2014-08-28 12:12:49,31,Female,United Kingdom,NA,No,No,No,NA,6-25,No,Yes,Don't know,No,No,No,Don't know,Don't know,No,No,Yes,Yes,Maybe,Maybe,Don't know,No,NA
2014-08-28 12:15:08,43,Male,United Kingdom,NA,No,No,Yes,Never,26-100,No,Yes,Don't know,No,No,Don't know,Don't know,Don't know,No,No,Yes,Yes,Yes,Yes,Don't know,No,NA
2014-08-28 12:19:42,34,male,United Kingdom,NA,No,Yes,Yes,Sometimes,More than 1000,No,Yes,Don't know,Not sure,Don't know,Don't know,Yes,Very easy,No,No,Some of them,Yes,No,Maybe,Yes,No,NA
2014-08-28 12:40:46,32,Male,United Kingdom,NA,Yes,Yes,No,NA,1-5,No,Yes,No,Yes,No,No,Yes,Somewhat easy,No,No,No,Yes,No,Maybe,No,No,NA
2014-08-28 12:53:21,29,M,United Kingdom,NA,No,No,No,Rarely,100-500,No,Yes,Don't know,Not sure,No,No,Don't know,Somewhat easy,No,No,Some of them,Yes,No,Maybe,Don't know,Yes,NA
2014-08-28 13:47:37,32,M,United Kingdom,NA,No,No,No,NA,26-100,No,Yes,Don't know,Not sure,No,Don't know,Don't know,Somewhat easy,Maybe,Maybe,Some of them,Some of them,Maybe,Maybe,Don't know,No,NA
2014-08-28 14:01:56,29,Male,United Kingdom,NA,No,No,No,Never,6-25,No,Yes,Don't know,No,No,No,Don't know,Don't know,Maybe,No,Some of them,No,No,Maybe,Don't know,No,NA
2014-08-28 14:02:07,29,m,United Kingdom,NA,No,No,Yes,Sometimes,100-500,No,Yes,No,No,No,No,Don't know,Somewhat difficult,No,No,Some of them,Some of them,No,Maybe,No,No,NA
2014-08-28 14:15:02,36,F,United Kingdom,NA,Yes,No,No,Sometimes,1-5,Yes,Yes,Don't know,Not sure,Don't know,Don't know,Don't know,Don't know,Maybe,No,Some of them,No,No,No,Don't know,No,NA
2014-08-28 15:40:32,29,female,United Kingdom,NA,No,No,Yes,Rarely,6-25,No,Yes,Don't know,No,No,No,Don't know,Don't know,Maybe,No,Some of them,No,No,Maybe,Don't know,No,NA
2014-08-28 16:09:35,44,Male,United Kingdom,NA,No,Yes,Yes,Sometimes,500-1000,No,No,Don't know,No,No,No,Don't know,Somewhat difficult,Maybe,No,Some of them,Yes,No,Maybe,No,Yes,NA
2014-08-28 16:42:49,43,m,United Kingdom,NA,No,Yes,No,NA,More than 1000,No,No,Don't know,No,No,No,Don't know,Very easy,Maybe,No,Some of them,Yes,No,Maybe,Don't know,No,NA
2014-08-28 16:52:34,36,male,United Kingdom,NA,Yes,No,No,Sometimes,6-25,Yes,Yes,No,No,No,No,Don't know,Somewhat difficult,No,No,Yes,Yes,No,Maybe,Don't know,Yes,NA
2014-08-28 16:58:33,21,Male,United Kingdom,NA,No,Yes,No,Never,6-25,No,No,No,No,No,No,Yes,Somewhat easy,Maybe,No,Some of them,Some of them,No,Maybe,Don't know,No,NA
2014-08-28 17:02:56,32,male,United Kingdom,NA,No,Yes,Yes,Rarely,6-25,No,No,No,No,No,No,No,Don't know,Yes,Maybe,Some of them,No,No,No,No,No,NA
2014-08-28 17:02:44,32,male,United Kingdom,NA,No,Yes,Yes,Rarely,6-25,No,No,No,No,No,No,No,Don't know,Yes,Maybe,Some of them,No,No,No,No,No,NA
2014-08-28 17:03:42,26,Male,United Kingdom,NA,Yes,No,Yes,Rarely,1-5,Yes,Yes,No,Not sure,Don't know,Don't know,Don't know,Somewhat difficult,No,No,Yes,Yes,Maybe,Maybe,Yes,No,NA
2014-08-28 17:08:16,34,male,United Kingdom,NA,No,No,No,NA,6-25,Yes,Yes,No,No,No,No,No,Somewhat difficult,Yes,Maybe,No,No,No,Yes,No,Yes,NA
2014-08-28 17:12:30,32,Female,United Kingdom,NA,No,Yes,Yes,Sometimes,100-500,No,Yes,Don't know,No,No,No,Don't know,Somewhat difficult,Maybe,No,Some of them,Some of them,No,Yes,Don't know,Yes,NA
2014-08-28 17:14:31,41,male,United Kingdom,NA,No,No,No,NA,26-100,No,No,Yes,Yes,Yes,Yes,Yes,Don't know,Maybe,Maybe,Some of them,Some of them,No,Yes,No,Yes,NA
2014-08-28 17:20:41,23,Female,United Kingdom,NA,No,Yes,No,Never,More than 1000,No,No,No,No,No,Yes,Don't know,Somewhat easy,Yes,Maybe,No,No,No,Maybe,Don't know,No,NA
2014-08-28 17:28:46,31,Male,United Kingdom,NA,No,No,Yes,Rarely,6-25,No,Yes,Don't know,Not sure,No,No,Don't know,Don't know,No,No,Some of them,Yes,No,No,Don't know,No,NA
2014-08-28 17:28:58,38,m,United Kingdom,NA,No,Yes,No,NA,500-1000,No,No,Yes,Yes,Yes,Yes,Don't know,Somewhat easy,No,No,Some of them,Yes,No,Maybe,No,No,NA
2014-08-28 17:57:39,43,Male,United Kingdom,NA,No,Yes,Yes,Rarely,26-100,No,Yes,No,No,No,No,Don't know,Very difficult,Yes,Yes,Some of them,No,No,No,No,Yes,NA
2014-08-28 17:59:31,24,Male,United Kingdom,NA,Yes,No,No,NA,1-5,Yes,Yes,No,Yes,No,No,Yes,Very easy,No,No,No,No,No,Maybe,Yes,No,NA
2014-08-28 18:21:58,24,Female,United Kingdom,NA,No,Yes,Yes,Often,6-25,Yes,Yes,No,No,No,No,Don't know,Very easy,No,No,Yes,Yes,No,No,Don't know,No,NA
2014-08-28 19:03:47,30,Male,United Kingdom,NA,No,No,Yes,Sometimes,26-100,No,Yes,No,No,No,No,Don't know,Somewhat difficult,Yes,Maybe,Some of them,No,No,Maybe,No,No,NA
2014-08-28 19:15:35,34,male,United Kingdom,NA,Yes,No,Yes,Sometimes,1-5,Yes,Yes,No,No,No,No,Yes,Somewhat difficult,No,No,Some of them,Some of them,No,No,Yes,No,NA
2014-08-28 22:20:33,38,Male,United Kingdom,NA,Yes,Yes,Yes,Rarely,1-5,Yes,No,No,No,No,No,Yes,Very difficult,Maybe,No,No,No,No,No,No,No,NA
2014-08-29 01:14:09,24,Male,United Kingdom,NA,No,Yes,Yes,Often,26-100,No,No,Don't know,Yes,No,No,No,Somewhat easy,Yes,Maybe,Some of them,Yes,No,Maybe,No,Yes,NA
2014-08-29 04:39:23,33,M,United Kingdom,NA,No,No,No,NA,More than 1000,No,Yes,Don't know,Not sure,Don't know,Don't know,Don't know,Don't know,No,No,Some of them,Yes,Maybe,Maybe,Don't know,No,NA
2014-08-29 04:53:12,32,Male,United Kingdom,NA,No,No,No,NA,6-25,No,Yes,Don't know,No,No,No,Don't know,Very easy,No,No,No,Yes,No,Maybe,No,No,NA
2014-08-29 05:39:21,24,M,United Kingdom,NA,Yes,Yes,No,Often,1-5,Yes,Yes,Don't know,Not sure,No,No,Don't know,Don't know,Maybe,No,Some of them,Some of them,No,Maybe,Don't know,No,NA
2014-08-29 05:47:19,55,male,United Kingdom,NA,No,No,Yes,Often,More than 1000,No,No,Yes,Yes,Yes,Yes,Don't know,Somewhat easy,Yes,Maybe,No,Some of them,No,Maybe,No,Yes,NA
2014-08-29 05:54:26,33,Male,United Kingdom,NA,Yes,Yes,Yes,Sometimes,1-5,Yes,Yes,No,Yes,No,No,No,Very difficult,Yes,Maybe,Some of them,Some of them,No,Maybe,No,Yes,NA
2014-08-29 05:57:48,26,Female,United Kingdom,NA,Yes,Yes,Yes,Sometimes,1-5,Yes,Yes,No,No,No,No,Don't know,Very easy,Maybe,No,Some of them,Yes,No,Maybe,Yes,No,I am a Trans woman and suffer from depression relating to that. I'm a contractor so I've answered the questions as relating to my current contract.
2014-08-29 06:06:46,25,Male,United Kingdom,NA,No,No,No,Never,6-25,Yes,Yes,Don't know,Not sure,Don't know,Don't know,Don't know,Very easy,No,No,Yes,Yes,No,No,Don't know,No,NA
2014-08-29 06:37:49,45,Male,United Kingdom,NA,No,Yes,No,Rarely,100-500,No,No,Don't know,No,No,No,Don't know,Don't know,Maybe,No,Some of them,No,No,Maybe,Don't know,No,NA
2014-08-29 06:42:57,33,female,United Kingdom,NA,Yes,No,Yes,Sometimes,1-5,Yes,Yes,No,Yes,Yes,Yes,Yes,Very easy,No,No,Some of them,Yes,No,No,Don't know,No,NA
2014-08-29 07:21:30,30,Male,United Kingdom,NA,Yes,No,Yes,Sometimes,6-25,No,Yes,No,Yes,No,No,No,Very difficult,Yes,Yes,No,No,No,No,Yes,Yes,NA
2014-08-29 08:57:14,28,Male,United Kingdom,NA,No,Yes,Yes,Often,26-100,No,Yes,No,No,No,No,Don't know,Somewhat easy,Maybe,Maybe,Yes,Yes,No,No,No,No,NA
2014-08-29 08:59:40,34,female,United Kingdom,NA,No,Yes,Yes,Often,26-100,Yes,No,Yes,Yes,No,Yes,No,Somewhat easy,Yes,Yes,Some of them,No,No,No,Don't know,No,NA
2014-08-29 09:02:04,29,Male,United Kingdom,NA,No,No,Yes,Sometimes,6-25,Yes,Yes,No,No,No,No,Don't know,Very easy,No,No,Yes,Yes,No,Yes,Yes,No,NA
2014-08-29 09:02:56,39,Female,United Kingdom,NA,No,Yes,No,Rarely,500-1000,Yes,Yes,Don't know,Not sure,No,No,Don't know,Somewhat difficult,Yes,Yes,No,No,No,No,No,Yes,NA
2014-08-29 09:03:50,28,male,United Kingdom,NA,No,No,No,Often,6-25,No,Yes,No,No,No,No,No,Somewhat difficult,Yes,No,No,No,No,Yes,Yes,No,NA
2014-08-29 09:12:16,38,Male,United Kingdom,NA,No,No,No,NA,1-5,Yes,Yes,No,No,No,No,Yes,Somewhat easy,No,No,Some of them,Yes,No,No,Don't know,No,NA
2014-08-29 09:13:43,19,Male,United Kingdom,NA,No,No,No,NA,6-25,No,Yes,Yes,No,No,Yes,Don't know,Very easy,No,No,Yes,Yes,No,No,Yes,No,NA
2014-08-29 09:15:05,28,male,United Kingdom,NA,Yes,No,No,NA,1-5,Yes,Yes,No,Yes,No,No,Yes,Very easy,Maybe,Maybe,No,No,No,No,Yes,No,NA
2014-08-29 09:19:25,35,Male,United Kingdom,NA,Yes,No,No,Sometimes,1-5,No,Yes,Don't know,Not sure,No,Don't know,Don't know,Somewhat easy,No,No,Some of them,Yes,No,No,Don't know,No,NA
2014-08-29 09:23:44,32,Male,United Kingdom,NA,No,No,No,Rarely,500-1000,No,Yes,No,No,No,No,Don't know,Don't know,Yes,No,No,No,No,No,Don't know,No,NA
2014-08-29 09:35:46,35,Male,United Kingdom,NA,No,Yes,Yes,Sometimes,1-5,No,Yes,No,Yes,No,No,Yes,Very easy,Yes,Yes,Some of them,Some of them,No,Maybe,Yes,Yes,NA
2014-08-29 09:36:04,34,Male,United Kingdom,NA,No,No,No,Never,500-1000,No,Yes,Don't know,No,No,Don't know,Don't know,Very easy,Maybe,No,Yes,Yes,No,No,Yes,No,NA
2014-08-29 10:13:39,32,Male,United Kingdom,NA,No,No,No,NA,6-25,No,Yes,No,No,No,No,Don't know,Don't know,Maybe,Maybe,No,No,No,Maybe,Don't know,No,NA
2014-08-29 11:22:46,29,f,United Kingdom,NA,No,No,Yes,Often,More than 1000,No,No,Yes,Yes,No,No,Don't know,Don't know,Maybe,No,Some of them,No,No,Yes,No,Yes,NA
2014-08-29 11:32:22,39,Male,United Kingdom,NA,Yes,Yes,Yes,Sometimes,1-5,Yes,Yes,No,Yes,Yes,Yes,Yes,Somewhat difficult,No,No,Yes,Yes,No,Maybe,Yes,Yes,These result may be a tad confusing so a summary follows.* Currently self-employed so employer is me :)* Last place of employment was amazing when I first discovered I was bi-polar and helped me as long as I was there up to and including a mental health course for the whole team (although no mention why to others which was great).* I've never had a negative reaction yet but I know others who have.* I've been very lucky with company I keep which is why my experience is largely good.
2014-08-29 16:30:50,32,male,United Kingdom,NA,No,Yes,Yes,Sometimes,1-5,No,No,Yes,Yes,Yes,Yes,Yes,Somewhat easy,Maybe,Maybe,Some of them,Some of them,No,Maybe,No,No,NA
2014-08-30 14:00:22,40,Male,United Kingdom,NA,No,No,Yes,Never,100-500,No,Yes,Don't know,Not sure,No,Don't know,Don't know,Very easy,Maybe,No,Yes,Some of them,No,Maybe,Don't know,No,NA
2014-08-30 18:29:00,32,Male,United Kingdom,NA,Yes,No,Yes,Rarely,1-5,No,Yes,No,Yes,Yes,Yes,Yes,Very easy,No,No,Some of them,Yes,No,Yes,No,Yes,NA
2014-08-30 19:35:58,44,Male,United Kingdom,NA,No,No,Yes,Sometimes,More than 1000,No,No,No,No,No,Yes,Don't know,Don't know,Maybe,No,Some of them,Some of them,No,No,No,No,NA
2014-08-30 19:56:23,33,Female,United Kingdom,NA,No,No,Yes,Never,100-500,No,Yes,Don't know,Not sure,No,Don't know,Don't know,Very easy,Maybe,No,Some of them,Some of them,No,Maybe,No,No,NA
2014-08-31 15:23:16,32,male,United Kingdom,NA,No,No,No,NA,26-100,No,Yes,No,No,No,No,Don't know,Don't know,Maybe,No,No,No,No,No,Don't know,Yes,NA
2014-09-01 04:28:55,27,Male,United Kingdom,NA,No,No,Yes,Sometimes,More than 1000,No,No,No,No,No,No,Yes,Somewhat easy,Maybe,No,Yes,Yes,Maybe,Maybe,No,No,suffer from CR-PTSD so all answered based on that
2014-09-01 06:52:31,25,Male,United Kingdom,NA,No,Yes,Yes,Sometimes,26-100,Yes,Yes,No,No,No,No,Yes,Very easy,No,No,Some of them,Yes,No,Maybe,Yes,No,Since being advised by Occupational Health that the tempo and spontenaity of the office environment was likely to have a negative effect on my mental health (I'm schizoaffective) I've been moved to 100% remote (home) working. The company have furnished a home office for me and I am only required to attend the office once a month to keep in touch
2014-09-01 06:53:28,41,M,United Kingdom,NA,No,Yes,No,NA,6-25,No,Yes,No,No,No,No,Don't know,Somewhat difficult,Maybe,Maybe,Some of them,Some of them,Maybe,Maybe,Don't know,No,NA
2014-09-01 08:23:15,21,Male,United Kingdom,NA,No,No,Yes,Sometimes,More than 1000,No,No,Don't know,No,No,Don't know,Don't know,Don't know,Maybe,No,Some of them,No,No,No,Don't know,No,NA
2014-09-01 10:40:32,27,female,United Kingdom,NA,No,Yes,No,NA,More than 1000,No,No,No,Yes,No,No,Yes,Don't know,Maybe,No,No,No,No,Yes,Yes,No,NA
2014-09-01 17:59:14,38,Male,United Kingdom,NA,No,Yes,Yes,Sometimes,1-5,No,Yes,No,Not sure,Don't know,Don't know,Don't know,Very easy,No,No,Some of them,Yes,Maybe,Yes,Don't know,No,NA
2014-09-01 21:03:25,39,M,United Kingdom,NA,No,Yes,Yes,Sometimes,More than 1000,No,No,No,No,No,No,Yes,Very easy,Maybe,Maybe,Some of them,Yes,Maybe,Maybe,Yes,No,Despite the impression that several 'no' responses might give my employer has been very supportive. But then I work in health care.
2014-09-02 04:00:58,26,Male,United Kingdom,NA,No,No,No,Never,6-25,No,Yes,No,No,No,No,Don't know,Don't know,Yes,Maybe,Some of them,No,No,Maybe,Don't know,No,NA
2014-09-02 08:24:43,34,Female,United Kingdom,NA,No,Yes,No,Rarely,26-100,No,No,Yes,Yes,Yes,Yes,Yes,Very easy,No,No,Some of them,Yes,Maybe,Maybe,Yes,No,NA
2014-09-02 20:23:49,31,male,United Kingdom,NA,No,Yes,Yes,Never,6-25,No,Yes,Don't know,Not sure,No,Don't know,Don't know,Somewhat easy,No,No,Some of them,Some of them,No,No,Don't know,No,When I've had a depression I was lucky to have an awesome manager who was very understanding and found a budget to pay for my therapy sessions.
2014-09-04 06:23:48,31,Male,United Kingdom,NA,No,No,No,Never,100-500,No,Yes,Yes,No,No,Yes,Don't know,Don't know,Maybe,Yes,Some of them,No,No,No,Yes,No,NA
2014-09-13 07:52:27,23,Male,United Kingdom,NA,No,No,Yes,Sometimes,1-5,No,Yes,No,No,No,No,Don't know,Very difficult,Maybe,No,Yes,Yes,Yes,Yes,No,Yes,I burnt out this year. I worked too much had too much pressure on myself from being the sole developer on a delayed project that seemed to grow in size with each week it was delayed by and worried about money a lot.I became depressed and anxious and had trouble eating sleeping and generally being myself. As my depression worsened I was regularly late for work couldn't perform as well as I should and became irritable with my colleagues.My employers response after a while was to send me private messages complaining about my lateness which only worsened the situation. I was prescribed 3 weeks off work by my doctor which my employer agreed to only to come back after to find I had been on 'statutory pay' which was roughly half of what I was expecting and was not enough to cover my rent bills AND food. This made me worse and sent me into another depression until I eventually admitted defeat gave up working and left the company. It took me months to recover and I'm now left (over 6 months after this all started) recovering from the fallout I created leaving employment with hardly any money to my name.I had previously been told by my employer that I was too young to burn out and (stupidly) trusted them. I did not feel comfortable discussing my problems with my employer because each time I was met with an attitude that I had to get myself together and ultimately given the amount of employees before me who had left the company by being fired after an altercation with the employer left me with no option but to hide it from them so I too wouldn't be fired.
2015-02-21 04:16:23,37,Male,United Kingdom,NA,No,No,No,Never,26-100,Yes,Yes,Don't know,No,No,No,Don't know,Somewhat easy,No,No,Some of them,Yes,No,Yes,Don't know,No,NA
2015-02-21 05:55:13,24,Male,United Kingdom,NA,No,No,No,NA,100-500,No,Yes,Don't know,Not sure,No,No,Don't know,Somewhat easy,Maybe,Maybe,Some of them,Yes,No,Maybe,Don't know,No,NA
2015-02-21 06:19:41,34,Male,United Kingdom,NA,No,Yes,No,Often,26-100,Yes,No,Don't know,Not sure,No,No,Don't know,Somewhat easy,Maybe,No,Some of them,Yes,Maybe,Yes,Yes,No,NA
2015-02-21 09:18:20,34,Female,United Kingdom,NA,No,No,Yes,Sometimes,More than 1000,No,No,No,Yes,No,Yes,Yes,Somewhat difficult,Maybe,Maybe,Some of them,Yes,No,Maybe,No,Yes,NA
2015-02-21 09:30:14,27,Male,United Kingdom,NA,No,No,No,Rarely,More than 1000,Yes,No,Don't know,Not sure,No,Yes,Don't know,Don't know,No,No,Some of them,Yes,No,No,Don't know,No,NA
2015-02-21 11:55:46,23,Male,United Kingdom,NA,No,No,No,Never,26-100,No,Yes,Don't know,No,No,No,Don't know,Somewhat easy,Maybe,No,Some of them,Some of them,No,Maybe,Yes,Yes,Although my employer does everything they can to accommodate employees with mental health problems when those individuals cannot carry out any work assigned to them (even over the course of months) they appear to have no alternative but to terminate their employment. However I believe this would be the same for a physical health problem.
2015-02-24 08:54:35,23,Female,United Kingdom,NA,No,Yes,Yes,Sometimes,6-25,No,Yes,No,Yes,No,Yes,Yes,Very easy,No,No,Yes,Yes,Maybe,Maybe,Yes,No,NA
2015-02-24 08:58:08,24,Cis Man,United Kingdom,NA,Yes,No,Yes,Sometimes,6-25,Yes,Yes,No,No,No,No,Don't know,Don't know,Maybe,Maybe,Some of them,Some of them,No,Maybe,Don't know,Yes,NA
2015-02-24 09:00:56,25,Male,United Kingdom,NA,No,Yes,Yes,Sometimes,More than 1000,No,No,Yes,Yes,Yes,Yes,Yes,Very easy,No,No,Yes,Yes,Yes,Yes,Yes,No,I work at a large university with a track record of health and wellbeing support
2015-02-24 09:13:49,23,Male,United Kingdom,NA,No,No,Yes,Rarely,6-25,No,Yes,No,Yes,No,No,Don't know,Don't know,No,No,Yes,Yes,No,Maybe,Don't know,No,NA
2015-02-24 09:15:13,24,"ostensibly male, unsure what that really means",United Kingdom,NA,No,No,Yes,Sometimes,6-25,No,No,Don't know,No,No,Don't know,Don't know,Don't know,Yes,Maybe,No,No,No,Maybe,Don't know,No,i'm in a country with social health care so my options are not dependant on my employer. this makes a few of the early questions less relevant than they would be for a resident of the US.
2015-05-05 15:16:25,32,female,United Kingdom,NA,No,No,No,NA,More than 1000,No,No,No,No,No,Don't know,Don't know,Don't know,Maybe,No,Some of them,Yes,No,Yes,No,No,NA
2015-09-12 11:17:21,26,male,United Kingdom,NA,No,No,Yes,NA,26-100,No,Yes,No,No,No,No,Don't know,Somewhat easy,No,No,Some of them,Some of them,No,No,Don't know,No,NA
2014-08-27 13:39:00,23,Male,United States,AL,No,Yes,Yes,Sometimes,26-100,Yes,No,Don't know,No,No,Don't know,Yes,Somewhat easy,Maybe,No,Some of them,Some of them,No,Yes,Yes,No,NA
2014-08-27 13:54:00,41,Male,United States,AL,No,No,Yes,Sometimes,26-100,Yes,Yes,Yes,Yes,Don't know,No,Don't know,Very easy,No,No,Yes,Yes,Yes,Yes,Yes,No,I think I am very lucky in my workplace. Our CEO has a degree in psychology.
2014-08-27 14:45:12,23,Male,United States,AL,No,Yes,Yes,Sometimes,100-500,No,No,Don't know,No,No,No,Don't know,Don't know,No,No,Yes,Yes,Maybe,Yes,Don't know,No,YOU MAY WANT TO THROW OUT MY ENTRY.I answered all of these questions with the assumption that Attention Deficit Disorder is considered a mental illness and with ADD in mind.
2014-08-27 15:25:41,32,female,United States,AL,No,No,No,Never,100-500,No,Yes,Don't know,Not sure,No,No,Don't know,Don't know,Maybe,No,No,Some of them,No,Maybe,Don't know,No,NA
2014-08-29 18:39:07,36,male,United States,AL,Yes,No,Yes,Sometimes,1-5,No,No,No,Yes,No,No,No,Very difficult,No,No,No,No,No,No,No,Yes,NA
2014-08-30 20:55:11,-1,p,United States,AL,Yes,Yes,Yes,Often,1-5,Yes,Yes,Yes,Yes,Yes,Yes,Yes,Very easy,Yes,Yes,Yes,Yes,Yes,Yes,Yes,Yes,password: testered
2014-11-16 08:42:35,38,Male,United States,AL,No,Yes,Yes,Sometimes,26-100,Yes,Yes,Yes,No,No,No,Don't know,Don't know,Maybe,No,Some of them,Some of them,No,No,Don't know,No,NA
2014-12-15 00:43:49,40,Male,United States,AL,No,Yes,Yes,Sometimes,6-25,No,Yes,Yes,Yes,No,No,Yes,Don't know,Maybe,No,Some of them,No,No,No,Yes,No,NA
2014-08-27 15:32:19,26,M,Uruguay,NA,No,No,No,NA,26-100,Yes,Yes,Don't know,No,Don't know,No,Don't know,Don't know,No,No,Some of them,No,No,Yes,Don't know,No,NA
2014-08-27 15:24:47,99999999999,All,Zimbabwe,NA,Yes,Yes,Yes,Often,1-5,No,Yes,No,Yes,No,No,No,Very difficult,Yes,Yes,No,No,Yes,No,No,Yes,NA
